{"stats":{"minecraft:crafted":{"iceandfire:silver_ingot":4,"minecraft:cooked_porkchop":8,"minecraft:wooden_pickaxe":1,"minecraft:furnace":1,"minecraft:bucket":1,"minecraft:cooked_mutton":1,"minecraft:air":0,"minecraft:iron_axe":1,"minecraft:stick":4,"minecraft:iron_ingot":6,"minecraft:stone_pickaxe":1,"minecraft:torch":4,"iceandfire:silver_pickaxe":1},"minecraft:used":{"minecraft:cooked_mutton":1,"minecraft:water_bucket":1,"minecraft:diorite":1,"minecraft:stone_pickaxe":47,"minecraft:wooden_pickaxe":38,"minecraft:rotten_flesh":4,"minecraft:white_wool":2,"minecraft:torch":3,"minecraft:crafting_table":3,"iceandfire:silver_pickaxe":198,"minecraft:iron_axe":4,"minecraft:cobblestone":14,"minecraft:furnace":2,"minecraft:cooked_porkchop":1,"minecraft:bucket":2},"minecraft:custom":{"minecraft:interact_with_furnace":19,"minecraft:mob_kills":10,"minecraft:interact_with_crafting_table":8,"minecraft:time_since_death":8044,"minecraft:time_since_rest":8178,"minecraft:sprint_one_cm":70492,"minecraft:damage_taken":525,"minecraft:walk_one_cm":46578,"minecraft:drop":3,"minecraft:damage_dealt":1046,"minecraft:fly_one_cm":110845,"minecraft:player_kills":2,"minecraft:crouch_one_cm":3116,"minecraft:play_time":21476,"minecraft:deaths":1,"minecraft:sneak_time":923,"minecraft:jump":500,"minecraft:walk_on_water_one_cm":439,"minecraft:total_world_time":21476,"minecraft:fall_one_cm":8418},"minecraft:killed":{"minecraft:pig":4,"minecraft:sheep":2,"minecraft:skeleton":1,"minecraft:pillager":2,"minecraft:zombie":1,"minecraft:player":2},"minecraft:killed_by":{"minecraft:skeleton":1},"minecraft:mined":{"iceandfire:silver_ore":10,"minecraft:crafting_table":2,"minecraft:granite":15,"minecraft:copper_ore":1,"minecraft:diorite":1,"minecraft:wall_torch":1,"minecraft:large_fern":1,"minecraft:furnace":2,"minecraft:iron_ore":19,"minerally:iron_rock":1,"minecraft:andesite":1,"minecraft:grass":4,"minecraft:coal_ore":48,"minecraft:oak_log":5,"minecraft:stone":142,"minecraft:white_wool":2,"minecraft:fern":1,"soulsweapons:verglas_ore":3},"minecraft:dropped":{"minecraft:wheat_seeds":1,"minecraft:oak_sapling":3,"minecraft:wooden_pickaxe":1},"minecraft:picked_up":{"minecraft:crafting_table":2,"minecraft:andesite":1,"minecraft:oak_log":5,"minecraft:raw_copper":2,"minecraft:bone":1,"minecraft:bow":1,"minecraft:wheat_seeds":1,"minecraft:furnace":2,"minecraft:raw_iron":19,"minecraft:torch":1,"minecraft:porkchop":8,"minecraft:diorite":1,"minecraft:arrow":1,"minecraft:rotten_flesh":4,"minecraft:granite":15,"soulsweapons:verglas":3,"minecraft:oak_sapling":3,"minecraft:cobblestone":146,"minecraft:mutton":2,"iceandfire:raw_silver":9,"minecraft:coal":71,"minecraft:white_wool":4}},"DataVersion":3465}