{"stats":{"minecraft:used":{"minecraft:elytra":1,"minecraft:poppy":3,"minecraft:chest":7,"minecraft:shield":37,"minecraft:rotten_flesh":12,"minecraft:carrot":1,"minecraft:lava_bucket":3,"minecraft:iron_helmet":1,"minecraft:bow":2,"minecraft:written_book":1,"minecraft:furnace":8,"minecraft:diorite":1,"minecraft:damaged_anvil":1,"minecraft:gray_carpet":1,"minecraft:stone_pickaxe":47,"minecraft:wooden_pickaxe":38,"minecraft:white_wool":2,"minecraft:golden_apple":2,"minecraft:blast_furnace":1,"minecraft:crossbow":1,"minecraft:dripstone_block":1,"iceandfire:silver_pickaxe":783,"minecraft:firework_rocket":21,"minecraft:bread":36,"minecraft:soul_lantern":4,"minecraft:diamond_sword":261,"soulsweapons:sting":386,"minecraft:stone_sword":17,"minecraft:flint_and_steel":10,"minecraft:torch":29,"minecraft:iron_axe":105,"minecraft:iron_boots":1,"minecraft:totem_of_undying":1,"minecraft:cobbled_deepslate":31,"minecraft:cooked_mutton":4,"minecraft:water_bucket":72,"minecraft:tnt":1,"minecraft:crafting_table":8,"minecraft:white_bed":4,"minecraft:smoker":1,"minecraft:oak_log":2,"minecraft:diamond_pickaxe":523,"minecraft:cobblestone":283,"minecraft:purple_bed":4,"minecraft:cooked_porkchop":44,"minecraft:porkchop":1,"minecraft:bucket":76,"minecraft:yellow_bed":1},"minecraft:dropped":{"minecraft:moss_block":2,"minecraft:porkchop":16,"minecraft:cooked_porkchop":3,"iceandfire:ectoplasm":6,"minecraft:dirt":20,"minecraft:mutton":1,"minecraft:white_wool":8,"minecraft:goat_horn":1,"minecraft:cobbled_deepslate":59,"minecraft:rotten_flesh":11,"minecraft:oak_planks":4,"minecraft:azure_bluet":1,"minecraft:gunpowder":2,"minecraft:skeleton_skull":1,"minecraft:arrow":8,"minecraft:written_book":1,"iceandfire:manuscript":11,"iceandfire:silver_pickaxe":1,"minecraft:golden_boots":1,"minecraft:wheat_seeds":6,"minecraft:mossy_cobblestone":1,"minecraft:dripstone_block":8,"minecraft:cobblestone":61,"minecraft:golden_axe":1,"minecraft:iron_helmet":2,"minecraft:book":4,"minecraft:copper_ingot":1,"minecraft:golden_apple":5,"minecraft:stick":5,"minecraft:cobweb":3,"minecraft:diorite":5,"minecraft:iron_leggings":1,"minecraft:pumpkin":12,"minecraft:white_banner":4,"minecraft:string":6,"minecraft:redstone":13,"minecraft:moss_carpet":10,"yigd:grave":1,"minecraft:stone_sword":2,"minecraft:raw_copper":4,"minecraft:tuff":10,"soulsweapons:sting":2,"minecraft:iron_boots":4,"minecraft:cobbled_deepslate_slab":15,"minecraft:hay_block":6,"minecraft:iron_chestplate":2,"minecraft:diamond_pickaxe":2,"minecraft:andesite":29,"artifacts:steadfast_spikes":1,"iceandfire:silver_ingot":1,"artifacts:pocket_piston":2,"minecraft:oak_sapling":11,"minecraft:spider_eye":1,"minecraft:wooden_pickaxe":1,"minecraft:glow_squid_spawn_egg":1},"minecraft:crafted":{"minecraft:oak_planks":44,"minecraft:cooked_mutton":4,"minecraft:bow":1,"minecraft:iron_boots":3,"minecraft:chest":6,"minecraft:cooked_porkchop":47,"minecraft:wooden_pickaxe":1,"minecraft:iron_helmet":2,"minecraft:iron_chestplate":2,"minecraft:diamond_pickaxe":1,"minecraft:shield":1,"minecraft:stick":16,"minecraft:iron_ingot":124,"minecraft:iron_block":6,"minecraft:gold_ingot":45,"soulsweapons:guts_sword":1,"minecraft:furnace":2,"minecraft:flint_and_steel":1,"minecraft:iron_axe":1,"minecraft:stone_pickaxe":1,"minecraft:dark_oak_planks":4,"minecraft:diamond_sword":1,"iceandfire:silver_ingot":20,"minecraft:bucket":2,"minecraft:bread":39,"minecraft:air":0,"minecraft:golden_apple":8,"minecraft:iron_leggings":2,"soulsweapons:sting":1,"minecraft:torch":4,"iceandfire:silver_pickaxe":3},"minecraft:killed":{"iceandfire:hippogryph":2,"minecraft:cave_spider":2,"graveyard:skeleton_creeper":1,"minecraft:spider":11,"minecraft:skeleton":34,"artifacts:mimic":1,"minecraft:pig":19,"minecraft:iron_golem":1,"minecraft:creeper":1,"minecraft:sheep":8,"minecraft:pillager":14,"minecraft:zombie":36,"minecraft:glow_squid":1,"minecraft:vindicator":2,"minecraft:ravager":1,"iceandfire:ghost":4,"minecraft:player":2,"minecraft:enderman":1},"minecraft:picked_up":{"minecraft:iron_chestplate":1,"minecraft:wheat":1,"soulsweapons:moonstone":38,"artifacts:chorus_totem":1,"minecraft:wither_rose":2,"iceandfire:manuscript":11,"minecraft:string":11,"minecraft:raw_copper":40,"minecraft:cobbled_deepslate":203,"bosses_of_mass_destruction:soul_star":1,"minecraft:written_book":1,"minecraft:coal_block":2,"minecraft:furnace":6,"minecraft:iron_boots":1,"minecraft:stick":5,"iceandfire:armor_copper_metal_leggings":1,"minecraft:torch":15,"minecraft:porkchop":72,"minecraft:golden_axe":1,"minecraft:pointed_dripstone":64,"minecraft:diorite":6,"minecraft:goat_horn":1,"minecraft:zombie_spawn_egg":1,"minecraft:stone_sword":1,"minecraft:rotten_flesh":57,"minecraft:obsidian":18,"minecraft:cobblestone":481,"minecraft:feather":9,"minecraft:andesite":40,"minecraft:potato":4,"minecraft:tuff":10,"minecraft:dirt":42,"minecraft:glow_squid_spawn_egg":1,"minecraft:lapis_lazuli":103,"minecraft:zombie_villager_spawn_egg":1,"minecraft:bone":16,"minecraft:bow":1,"minecraft:wheat_seeds":8,"minecraft:deepslate_brick_slab":5,"minecraft:raw_gold":47,"minecraft:cobbled_deepslate_slab":15,"minecraft:moss_block":2,"minecraft:oak_planks":4,"minecraft:mossy_cobblestone":1,"minecraft:diamond":18,"minecraft:soul_lantern":6,"minecraft:crossbow":1,"minecraft:granite":41,"minecraft:golden_apple":1,"soulsweapons:verglas":22,"minecraft:emerald":26,"minecraft:oak_sapling":11,"iceandfire:raw_silver":20,"minecraft:diamond_pickaxe":2,"minecraft:crafting_table":5,"minecraft:azure_bluet":1,"minecraft:spider_spawn_egg":1,"minecraft:moss_carpet":10,"soulsweapons:sting":1,"deeperdarker:warden_carapace":2,"minecraft:poppy":3,"minecraft:chest":1,"minecraft:raw_iron":138,"minecraft:copper_ingot":1,"minecraft:carrot":3,"minecraft:redstone":30,"iceandfire:silver_ingot":1,"minecraft:arrow":16,"minecraft:hay_block":23,"artifacts:pocket_piston":1,"minecraft:mutton":2,"minecraft:skeleton_skull":1,"minecraft:white_wool":17,"minecraft:glow_ink_sac":18,"minecraft:leather":4,"yigd:grave":1,"minecraft:oak_log":36,"iceandfire:ectoplasm":6,"iceandfire:armor_copper_metal_helmet":1,"minecraft:cobbled_deepslate_stairs":1,"minecraft:golden_boots":1,"minecraft:yellow_bed":2,"minecraft:gunpowder":5,"minecraft:white_banner":4,"minecraft:apple":3,"minecraft:gray_carpet":1,"minecraft:iron_ingot":6,"minecraft:cobweb":3,"artifacts:steadfast_spikes":1,"minecraft:book":10,"minecraft:pumpkin":24,"minecraft:dripstone_block":9,"minecraft:blast_furnace":1,"minecraft:white_bed":3,"minecraft:spider_eye":2,"iceandfire:silver_pickaxe":1,"minecraft:purple_bed":4,"minecraft:iron_helmet":2,"minecraft:damaged_anvil":1,"minecraft:coal":238,"minecraft:ender_pearl":1},"minecraft:broken":{"minecraft:diamond_helmet":1,"iceandfire:silver_pickaxe":1,"minecraft:iron_helmet":1},"minecraft:custom":{"minecraft:interact_with_crafting_table":47,"minecraft:open_barrel":18,"minecraft:bell_ring":82,"minecraft:leave_game":4,"minecraft:time_since_death":0,"minecraft:sprint_one_cm":633550,"minecraft:damage_blocked_by_shield":1685,"minecraft:drop":110,"minecraft:play_time":462483,"minecraft:deaths":20,"minecraft:jump":4715,"minecraft:walk_on_water_one_cm":38415,"minecraft:interact_with_furnace":86,"minecraft:interact_with_cartography_table":2,"minecraft:sleep_in_bed":4,"minecraft:damage_dealt":32776,"minecraft:player_kills":2,"minecraft:crouch_one_cm":78713,"minecraft:interact_with_smoker":16,"minecraft:mob_kills":145,"minecraft:interact_with_anvil":8,"minecraft:climb_one_cm":1101,"minecraft:walk_one_cm":482662,"minecraft:raid_win":1,"minecraft:sneak_time":24185,"minecraft:walk_under_water_one_cm":18797,"minecraft:interact_with_blast_furnace":34,"minecraft:total_world_time":462483,"minecraft:tune_noteblock":1,"minecraft:raid_trigger":1,"minecraft:time_since_rest":147929,"minecraft:damage_taken":11939,"minecraft:damage_absorbed":75,"minecraft:trigger_trapped_chest":2,"minecraft:swim_one_cm":9427,"minecraft:fly_one_cm":1279650,"minecraft:open_chest":107,"minecraft:aviate_one_cm":144433,"minecraft:fall_one_cm":382741},"minecraft:killed_by":{"minecraft:ravager":1,"minecraft:cave_spider":1,"minecraft:zombie":2,"minecraft:spider":1,"minecraft:enderman":1,"bosses_of_mass_destruction:void_blossom":5,"minecraft:warden":1,"minecraft:skeleton":3,"iceandfire:ghost":3},"minecraft:mined":{"minecraft:dark_oak_planks":7,"minecraft:red_nether_brick_slab":4,"minecraft:waxed_cut_copper_slab":1,"minerally:deepslate_gold_pile_0":3,"minerally:deepslate_emerald_crystal_0":6,"minerally:diamond_crystal":1,"minerally:deepslate_gold_pile_1":3,"iceandfire:graveyard_soil":1,"minecraft:white_bed":3,"minerally:deepslate_emerald_crystal_1":6,"minerally:copper_rock":3,"minecraft:cobbled_deepslate_stairs":6,"minecraft:sculk_vein":3,"minecraft:red_nether_bricks":1,"minecraft:obsidian":18,"minecraft:granite":25,"minecraft:grass_block":10,"minerally:coal_pile_0":1,"minecraft:deepslate_bricks":1,"minecraft:coal_block":2,"minecraft:spawner":3,"minerally:deepslate_copper_pile_0":1,"minecraft:cobbled_deepslate":6,"minecraft:iron_ore":90,"minecraft:fire":9,"minerally:coal_rock":2,"minecraft:pumpkin":13,"minecraft:deepslate_lapis_ore":2,"minecraft:stripped_dark_oak_wood":1,"minecraft:azure_bluet":3,"minecraft:pointed_dripstone":51,"minerally:deepslate_coal_pile_0":2,"minerally:coal_pile_1":1,"minerally:diamond_rock":1,"minecraft:deepslate_brick_stairs":6,"minecraft:stripped_mangrove_wood":1,"minerally:deepslate_redstone_pile_0":1,"minecraft:deepslate_redstone_ore":8,"minerally:deepslate_redstone_pile":1,"soulsweapons:verglas_ore_deepslate":12,"minecraft:soul_lantern":4,"soulsweapons:moonstone_ore":6,"minecraft:torch":8,"minecraft:blast_furnace":1,"minecraft:calcite":2,"minecraft:poppy":2,"minerally:deepslate_coal_pile_1":1,"iceandfire:ghost_chest":1,"minecraft:chest":1,"minerally:deepslate_emerald_crystal":6,"minerally:deepslate_copper_pile":1,"minecraft:cobblestone":18,"minecraft:oak_planks":3,"minecraft:damaged_anvil":1,"minecraft:wall_torch":2,"minecraft:skeleton_skull":1,"minerally:deepslate_geode":2,"minecraft:wither_rose":2,"minecraft:grass":76,"minecraft:oak_log":36,"minecraft:dirt":11,"minerally:deepslate_copper_pile_1":1,"minerally:gold_pile":1,"minecraft:oak_leaves":3,"minecraft:deepslate":207,"soulsweapons:verglas_ore":9,"minecraft:infested_deepslate":2,"minecraft:tuff":9,"iceandfire:silver_ore":18,"minecraft:mossy_cobblestone":2,"minecraft:deepslate_diamond_ore":8,"minecraft:glow_lichen":1,"minecraft:cobbled_deepslate_slab":15,"iceandfire:deepslate_silver_ore":4,"minerally:deepslate_iron_pile_1":1,"minecraft:mangrove_trapdoor":1,"minecraft:moss_block":1,"minerally:deepslate_lapis_pile_0":3,"minecraft:large_fern":1,"minecraft:hay_block":18,"minecraft:deepslate_brick_slab":12,"minerally:deepslate_lapis_pile":3,"minecraft:furnace":6,"minecraft:andesite":30,"minerally:deepslate_iron_pile_0":1,"minerally:deepslate_iron_pile":1,"soulsweapons:moonstone_ore_deepslate":35,"minerally:deepslate_gold_pile":3,"minecraft:deepslate_iron_ore":18,"minecraft:vine":1,"minecraft:smooth_quartz_stairs":2,"minecraft:stone":453,"minecraft:white_wool":2,"minerally:coal_pile":1,"minecraft:crafting_table":5,"minerally:diamond_crystal_0":1,"minecraft:emerald_ore":3,"yigd:grave":1,"minecraft:tall_grass":5,"minecraft:copper_ore":1,"minerally:gold_pile_0":1,"minecraft:deepslate_gold_ore":35,"minecraft:lapis_ore":12,"minecraft:sculk":18,"minerally:lapis_rock":4,"minecraft:diorite":8,"minecraft:purple_bed":3,"minerally:gold_rock":1,"minerally:iron_rock":5,"minerally:deepslate_coal_pile":2,"minecraft:yellow_bed":2,"minerally:emerald_rock":5,"minecraft:mangrove_slab":2,"minecraft:coal_ore":109,"minecraft:gravel":16,"minecraft:dripstone_block":3,"minecraft:cobweb":5,"minecraft:gold_ore":2,"minerally:diamond_crystal_1":1,"minerally:deepslate_lapis_pile_1":3,"minecraft:fern":1}},"DataVersion":3465}