{"stats":{"minecraft:dropped":{"minecraft:moss_block":2,"minecraft:porkchop":16,"minecraft:lapis_lazuli":73,"minecraft:diamond":25,"minecraft:cooked_porkchop":3,"minecraft:dark_oak_slab":3,"minecraft:crossbow":2,"artifacts:cloud_in_a_bottle":1,"iceandfire:ectoplasm":6,"artifacts:universal_attractor":1,"minecraft:elytra":1,"minecraft:dirt":21,"minecraft:dark_oak_fence":1,"minecraft:stone_button":6,"minecraft:mutton":1,"minecraft:gold_nugget":812,"minecraft:white_wool":8,"minecraft:oak_door":2,"minecraft:goat_horn":1,"minecraft:cobbled_deepslate":62,"minecraft:rotten_flesh":15,"minecraft:oak_planks":4,"minecraft:azure_bluet":3,"minecraft:gunpowder":18,"minecraft:skeleton_skull":1,"minecraft:charcoal":4,"minecraft:quartz_block":128,"minecraft:arrow":9,"minecraft:stone_brick_stairs":2,"minecraft:written_book":1,"iceandfire:silver_pickaxe":1,"iceandfire:manuscript":11,"minecraft:egg":2,"minecraft:golden_boots":1,"minecraft:iron_ingot":28,"minecraft:bread":7,"minecraft:wheat_seeds":24,"minecraft:mossy_cobblestone":1,"minecraft:dripstone_block":8,"minecraft:golden_axe":1,"minecraft:iron_helmet":2,"minecraft:cobblestone":84,"minecraft:book":4,"minecraft:copper_ingot":6,"minecraft:golden_apple":5,"minecraft:stick":5,"minecraft:cobweb":3,"minecraft:diorite":7,"soulsweapons:guts_sword":1,"minecraft:iron_leggings":6,"tacz:modern_kinetic_gun":2,"minecraft:pumpkin":12,"minecraft:white_banner":4,"minecraft:string":6,"minecraft:dandelion":2,"artifacts:bunny_hoppers":1,"minecraft:stone_brick_slab":4,"minecraft:redstone":56,"minecraft:moss_carpet":10,"yigd:grave":1,"minecraft:stone_sword":2,"minecraft:raw_copper":479,"minecraft:tuff":10,"minecraft:raw_iron":18,"soulsweapons:sting":2,"minecraft:iron_boots":7,"minecraft:cobbled_deepslate_slab":15,"minecraft:skeleton_spawn_egg":1,"minecraft:polished_deepslate_stairs":1,"minecraft:pumpkin_seeds":4,"minecraft:blast_furnace":1,"minecraft:deepslate_bricks":4,"minecraft:filled_map":1,"minecraft:hay_block":14,"minecraft:shield":1,"minecraft:iron_chestplate":7,"minecraft:diamond_pickaxe":2,"artifacts:steadfast_spikes":1,"minecraft:andesite":35,"iceandfire:silver_ingot":2,"artifacts:pocket_piston":2,"minecraft:oak_sapling":13,"minecraft:spider_eye":1,"tacz:ammo":449,"iceandfire:fire_dragon_heart":1,"minecraft:sandstone":4,"minecraft:bow":1,"minecraft:raw_gold":28,"minecraft:wooden_pickaxe":1,"minecraft:glow_squid_spawn_egg":1},"minecraft:picked_up":{"minecraft:iron_chestplate":5,"minecraft:wheat":16,"artifacts:bunny_hoppers":1,"soulsweapons:moonstone":38,"artifacts:chorus_totem":1,"minecraft:wither_rose":2,"minecraft:stone_brick_stairs":3,"minecraft:stray_spawn_egg":1,"iceandfire:manuscript":11,"minecraft:string":19,"minecraft:raw_copper":640,"minecraft:iron_leggings":3,"minecraft:gold_nugget":744,"minecraft:cobbled_deepslate":216,"bosses_of_mass_destruction:soul_star":2,"minecraft:spruce_planks":1,"minecraft:written_book":1,"minecraft:smooth_quartz":4,"minecraft:coal_block":2,"minecraft:furnace":6,"minecraft:iron_boots":3,"minecraft:stick":5,"iceandfire:armor_copper_metal_leggings":1,"minecraft:torch":25,"uncraftingtable76:uncraftingtable":1,"minecraft:porkchop":81,"minecraft:golden_axe":1,"minecraft:honeycomb_block":3,"minecraft:pointed_dripstone":64,"minecraft:diorite":6,"minecraft:goat_horn":1,"minecraft:zombie_spawn_egg":2,"minecraft:stone_sword":1,"minecraft:rotten_flesh":77,"iceandfire:fire_dragon_heart":1,"minecraft:deepslate_brick_stairs":2,"minecraft:obsidian":19,"minecraft:cobblestone":691,"minecraft:pink_petals":97,"minecraft:feather":10,"minecraft:andesite":42,"minecraft:brown_wool":1,"minecraft:chiseled_quartz_block":1,"minecraft:potato":4,"minecraft:tuff":10,"minecraft:lapis_lazuli":170,"minecraft:glow_squid_spawn_egg":1,"minecraft:dirt":67,"minecraft:zombie_villager_spawn_egg":1,"minecraft:bone":44,"minecraft:stonecutter":1,"minecraft:bow":3,"minecraft:wheat_seeds":24,"minecraft:deepslate_brick_slab":5,"minecraft:raw_gold":75,"minecraft:cobbled_deepslate_slab":15,"minecraft:bamboo":30,"tacz:gun_smith_table":1,"minecraft:moss_block":2,"minecraft:oak_planks":4,"iceandfire:pixie_house_birch":1,"iceandfire:dragon_skull_fire":5,"minecraft:mossy_cobblestone":1,"minecraft:skeleton_spawn_egg":2,"minecraft:light_gray_concrete":2,"minecraft:diamond":27,"minecraft:soul_lantern":6,"minecraft:crossbow":3,"minecraft:granite":41,"minecraft:golden_apple":1,"soulsweapons:verglas":22,"minecraft:emerald":27,"iceandfire:dragon_skull_lightning":1,"minecraft:oak_sapling":13,"minecraft:coarse_dirt":1,"iceandfire:raw_silver":21,"minecraft:diamond_pickaxe":2,"minecraft:charcoal":2,"minecraft:crafting_table":7,"minecraft:azure_bluet":4,"minecraft:chicken":1,"iceandfire:pixie_house_oak":6,"minecraft:gold_block":1,"minecraft:spider_spawn_egg":1,"minecraft:shield":1,"minecraft:moss_carpet":10,"tacz:ammo":195,"soulsweapons:sting":1,"deeperdarker:warden_carapace":2,"graveyard:corruption":1,"minecraft:beef":23,"sawmill:sawmill":1,"fleshz:hide":11,"minecraft:poppy":3,"minecraft:chest":1,"minecraft:egg":1,"iceandfire:dragonscales_gray":10,"minecraft:raw_iron":180,"iceandfire:dragonbone":58,"terra_armory:bee_sword":1,"minecraft:copper_ingot":1,"minecraft:stone_button":5,"minecraft:carrot":3,"minecraft:redstone":91,"iceandfire:dragon_skull_ice":1,"iceandfire:silver_ingot":2,"minecraft:arrow":39,"minecraft:deepslate_bricks":4,"minecraft:hay_block":54,"minecraft:gold_ingot":119,"minecraft:saddle":1,"artifacts:pocket_piston":1,"minecraft:mutton":10,"minecraft:skeleton_skull":1,"minecraft:white_wool":23,"minecraft:dark_oak_button":1,"minecraft:glow_ink_sac":18,"minecraft:leather":4,"yigd:grave":1,"minecraft:oak_log":37,"minecraft:gunpowder":8,"minecraft:yellow_bed":2,"iceandfire:ectoplasm":6,"minecraft:golden_boots":1,"artifacts:cloud_in_a_bottle":1,"minecraft:cobbled_deepslate_stairs":3,"iceandfire:armor_copper_metal_helmet":1,"minecraft:white_banner":7,"iceandfire:pixie_house_mushroom_red":2,"minecraft:apple":3,"minecraft:gray_carpet":1,"minecraft:iron_ingot":17,"minecraft:cobweb":3,"artifacts:steadfast_spikes":1,"iceandfire:fire_dragon_flesh":7,"minecraft:book":10,"minecraft:dark_oak_slab":1,"minecraft:pumpkin":24,"minecraft:stone_brick_slab":6,"minecraft:dripstone_block":10,"minecraft:gravel":1,"minecraft:blast_furnace":2,"minecraft:white_bed":3,"graveyard:middle_bone_staff":1,"minecraft:spider_eye":2,"iceandfire:silver_pickaxe":1,"minecraft:purple_bed":4,"iceandfire:pixie_house_spruce":4,"tacz:modern_kinetic_gun":4,"minecraft:honey_block":2,"minecraft:iron_helmet":2,"minecraft:damaged_anvil":3,"minecraft:coal":260,"minecraft:ender_pearl":3},"minecraft:killed_by":{"minecraft:ravager":1,"minecraft:vindicator":1,"minecraft:cave_spider":1,"minecraft:zombie":5,"iceandfire:fire_dragon":3,"minecraft:player":1,"minecraft:spider":1,"minecraft:enderman":2,"bosses_of_mass_destruction:void_blossom":5,"minecraft:warden":1,"minecraft:skeleton":5,"iceandfire:ghost":3},"minecraft:custom":{"minecraft:interact_with_crafting_table":73,"minecraft:open_barrel":18,"minecraft:bell_ring":82,"minecraft:leave_game":9,"minecraft:time_since_death":14816,"minecraft:sprint_one_cm":947666,"minecraft:damage_blocked_by_shield":1845,"minecraft:drop":233,"minecraft:play_time":723693,"minecraft:deaths":31,"minecraft:jump":7951,"minecraft:walk_on_water_one_cm":56199,"minecraft:interact_with_furnace":124,"minecraft:interact_with_cartography_table":2,"minecraft:sleep_in_bed":6,"minecraft:damage_dealt":54454,"minecraft:player_kills":16,"minecraft:crouch_one_cm":101997,"minecraft:interact_with_smoker":20,"minecraft:interact_with_anvil":9,"minecraft:mob_kills":257,"minecraft:damage_dealt_resisted":387,"minecraft:climb_one_cm":16455,"minecraft:walk_one_cm":963798,"minecraft:raid_win":2,"minecraft:sneak_time":30798,"minecraft:walk_under_water_one_cm":33948,"minecraft:interact_with_blast_furnace":59,"minecraft:total_world_time":723693,"minecraft:tune_noteblock":1,"minecraft:raid_trigger":2,"minecraft:interact_with_stonecutter":1,"minecraft:time_since_rest":14947,"minecraft:damage_taken":21813,"minecraft:damage_absorbed":196,"minecraft:trigger_trapped_chest":2,"minecraft:swim_one_cm":54454,"minecraft:fly_one_cm":3904793,"minecraft:open_chest":346,"minecraft:aviate_one_cm":548466,"minecraft:fall_one_cm":1122398},"minecraft:mined":{"minecraft:dark_oak_planks":7,"minecraft:red_nether_brick_slab":4,"minecraft:waxed_cut_copper_slab":1,"minerally:deepslate_emerald_crystal_0":6,"minerally:deepslate_gold_pile_0":3,"minerally:diamond_crystal":1,"minerally:deepslate_gold_pile_1":3,"minecraft:spruce_planks":1,"minecraft:white_bed":3,"iceandfire:graveyard_soil":1,"minerally:deepslate_emerald_crystal_1":6,"minerally:copper_rock":3,"minerally:deepslate_diamond_crystal_0":1,"minecraft:cobbled_deepslate_stairs":9,"minecraft:sculk_vein":3,"minecraft:red_nether_bricks":1,"minecraft:obsidian":19,"minecraft:granite":43,"minecraft:grass_block":25,"minecraft:brown_wool":1,"minerally:coal_pile_0":1,"iceandfire:pixie_house_oak":6,"minecraft:deepslate_bricks":3,"minecraft:coal_block":2,"tacz:gun_smith_table":1,"minecraft:spawner":6,"minerally:deepslate_copper_pile_0":3,"minecraft:iron_ore":118,"minecraft:cobbled_deepslate":6,"minecraft:fire":20,"minerally:coal_rock":2,"minecraft:pumpkin":13,"minecraft:deepslate_lapis_ore":9,"minecraft:stripped_dark_oak_wood":1,"minecraft:azure_bluet":3,"minecraft:pointed_dripstone":55,"minerally:deepslate_coal_pile_0":2,"iceandfire:gold_pile":91,"minecraft:dirt_path":1,"iceandfire:pixie_house_spruce":4,"minerally:coal_pile_1":1,"minecraft:light_gray_concrete":2,"minerally:diamond_rock":1,"minecraft:deepslate_brick_stairs":8,"minerally:deepslate_diamond_crystal_1":1,"minecraft:stripped_mangrove_wood":1,"minecraft:tripwire":3,"minerally:deepslate_redstone_pile_0":1,"minecraft:deepslate_redstone_ore":12,"minerally:deepslate_redstone_pile":1,"graveyard:middle_bone_staff":1,"soulsweapons:verglas_ore_deepslate":12,"minecraft:deepslate_tile_slab":1,"minecraft:soul_lantern":4,"minecraft:powder_snow":4,"soulsweapons:moonstone_ore":6,"minecraft:torch":15,"minecraft:blast_furnace":2,"minecraft:calcite":2,"minecraft:poppy":3,"minerally:deepslate_coal_pile_1":1,"iceandfire:ghost_chest":1,"minecraft:chest":1,"minerally:deepslate_emerald_crystal":6,"minerally:deepslate_copper_pile":3,"minecraft:honeycomb_block":3,"minecraft:cobblestone":25,"minecraft:damaged_anvil":3,"minecraft:oak_planks":3,"minecraft:iron_door":1,"minecraft:wall_torch":8,"minecraft:deepslate_copper_ore":25,"minecraft:skeleton_skull":1,"minerally:deepslate_geode":2,"minecraft:dark_oak_slab":1,"minecraft:wither_rose":2,"minecraft:stone_brick_stairs":1,"minecraft:grass":115,"minecraft:oak_log":37,"minecraft:dirt":19,"minecraft:smooth_quartz":4,"minerally:deepslate_copper_pile_1":3,"minerally:gold_pile":2,"minecraft:stonecutter":1,"minecraft:oak_leaves":12,"minecraft:deepslate":224,"soulsweapons:verglas_ore":9,"minecraft:infested_deepslate":2,"minecraft:tuff":9,"iceandfire:silver_ore":19,"minecraft:mossy_cobblestone":3,"minecraft:deepslate_diamond_ore":9,"iceandfire:pixie_house_birch":1,"minecraft:glow_lichen":1,"minecraft:cobbled_deepslate_slab":15,"minecraft:stone_button":6,"sawmill:sawmill":1,"uncraftingtable76:uncraftingtable":1,"iceandfire:deepslate_silver_ore":4,"minerally:deepslate_iron_pile_1":1,"minecraft:mangrove_trapdoor":1,"minecraft:moss_block":1,"minerally:deepslate_lapis_pile_0":3,"minecraft:large_fern":1,"minecraft:hay_block":49,"minerally:deepslate_lapis_pile":3,"minecraft:deepslate_brick_slab":12,"minerally:deepslate_diamond_crystal":1,"minecraft:furnace":6,"iceandfire:chared_gravel":1,"minecraft:andesite":31,"minecraft:gold_block":1,"minerally:deepslate_iron_pile":1,"minerally:deepslate_iron_pile_0":1,"soulsweapons:moonstone_ore_deepslate":35,"minecraft:deepslate_iron_ore":25,"minerally:deepslate_gold_pile":3,"minecraft:vine":1,"minecraft:smooth_quartz_stairs":2,"minecraft:bamboo":15,"minecraft:stone":664,"minecraft:white_wool":2,"minecraft:podzol":2,"minerally:coal_pile":1,"minerally:gold_pile_1":1,"terra_armory:bee_sword_block":1,"minecraft:stone_brick_slab":2,"minecraft:crafting_table":7,"minerally:diamond_crystal_0":1,"minecraft:honey_block":4,"minecraft:emerald_ore":3,"yigd:grave":1,"minecraft:copper_ore":107,"minecraft:tall_grass":8,"minerally:gold_pile_0":2,"minecraft:lapis_ore":16,"minecraft:deepslate_gold_ore":60,"minecraft:sculk":18,"minerally:lapis_rock":4,"minecraft:diorite":16,"minecraft:coarse_dirt":1,"minecraft:purple_bed":3,"minerally:gold_rock":1,"minerally:iron_rock":5,"iceandfire:pixie_house_mushroom_red":2,"minerally:deepslate_coal_pile":2,"minerally:emerald_rock":5,"minecraft:yellow_bed":2,"minecraft:mangrove_slab":2,"minecraft:coal_ore":131,"minecraft:dark_oak_button":1,"minecraft:gravel":17,"minecraft:dripstone_block":9,"minecraft:cobweb":12,"minecraft:gold_ore":2,"minerally:diamond_crystal_1":1,"minerally:deepslate_lapis_pile_1":3,"minecraft:fern":1},"minecraft:broken":{"minecraft:diamond_helmet":1,"minecraft:iron_boots":1,"minecraft:iron_chestplate":1,"iceandfire:silver_pickaxe":1,"minecraft:iron_helmet":3},"minecraft:crafted":{"minecraft:oak_planks":44,"hangglider:hang_glider":1,"minecraft:stone":51,"minecraft:cooked_mutton":4,"minecraft:bow":1,"minecraft:iron_boots":5,"minecraft:chest":12,"uncraftingtable76:uncraftingtable":1,"minecraft:smoker":2,"minecraft:cooked_porkchop":47,"minecraft:iron_helmet":4,"minecraft:wooden_pickaxe":1,"minecraft:copper_ingot":133,"minecraft:dark_oak_slab":6,"minecraft:iron_chestplate":4,"minecraft:diamond_pickaxe":1,"minecraft:shield":1,"minecraft:stick":28,"minecraft:iron_ingot":164,"minecraft:iron_block":7,"minecraft:gold_ingot":53,"sawmill:sawmill":1,"hangglider:glider_framework":1,"soulsweapons:guts_sword":1,"minecraft:furnace":4,"hangglider:glider_wing":2,"minecraft:flint_and_steel":1,"minecraft:dark_oak_fence":3,"minecraft:iron_axe":1,"minecraft:iron_hoe":1,"minecraft:stone_pickaxe":1,"minecraft:dark_oak_planks":44,"minecraft:wheat":192,"minecraft:diamond_sword":1,"iceandfire:silver_ingot":20,"tacz:gun_smith_table":1,"minecraft:bucket":3,"minecraft:bread":103,"minecraft:air":0,"minecraft:golden_apple":8,"minecraft:iron_leggings":4,"soulsweapons:sting":1,"minecraft:torch":4,"iceandfire:silver_pickaxe":3},"minecraft:used":{"iceandfire:dragon_skull_ice":1,"minecraft:elytra":2,"minecraft:poppy":3,"minecraft:chest":13,"minecraft:shield":43,"minecraft:rotten_flesh":22,"minecraft:iron_chestplate":1,"minecraft:mutton":6,"minecraft:carrot":1,"minecraft:azure_bluet":1,"minecraft:obsidian":4,"minecraft:lava_bucket":3,"minecraft:grass_block":19,"minecraft:iron_helmet":2,"minecraft:dark_oak_slab":1,"minecraft:dark_oak_button":7,"minecraft:stone_brick_stairs":1,"minecraft:bow":47,"minecraft:written_book":1,"minecraft:furnace":8,"minecraft:diorite":1,"minecraft:damaged_anvil":3,"minecraft:stone_pickaxe":47,"minecraft:gray_carpet":1,"minecraft:ender_pearl":2,"minecraft:wooden_pickaxe":38,"iceandfire:pixie_house_oak":2,"minecraft:golden_apple":5,"minecraft:white_wool":2,"minecraft:blast_furnace":1,"minecraft:crossbow":1,"minecraft:chiseled_quartz_block":1,"minecraft:dripstone_block":2,"minecraft:deepslate_brick_stairs":1,"iceandfire:silver_pickaxe":783,"minecraft:firework_rocket":43,"minecraft:light_gray_concrete":2,"minecraft:bread":112,"minecraft:brown_wool":1,"minecraft:stone_button":6,"minecraft:iron_door":4,"terra_armory:bee_sword":29,"minecraft:gravel":1,"minecraft:soul_lantern":4,"minecraft:diamond_sword":261,"iceandfire:pixie_house_mushroom_red":1,"soulsweapons:sting":386,"minecraft:stone_sword":17,"minecraft:flint_and_steel":25,"tacz:gun_smith_table":2,"minecraft:spruce_planks":1,"minecraft:torch":46,"minecraft:dirt":23,"minecraft:golden_shovel":26,"minecraft:stone_brick_slab":2,"minecraft:iron_axe":139,"minecraft:iron_boots":1,"minecraft:smooth_quartz":4,"soulsweapons:guts_sword":525,"minecraft:totem_of_undying":1,"minecraft:cobbled_deepslate":42,"minecraft:iron_leggings":1,"minecraft:cooked_mutton":4,"minecraft:water_bucket":82,"iceandfire:pixie_house_spruce":1,"minecraft:stonecutter":2,"minecraft:tnt":1,"minecraft:crafting_table":10,"minecraft:white_bed":4,"minecraft:smoker":3,"minecraft:oak_log":2,"minecraft:diamond_pickaxe":1162,"minecraft:apple":6,"sawmill:sawmill":2,"minecraft:cobblestone":339,"minecraft:purple_bed":4,"minecraft:porkchop":1,"minecraft:cooked_porkchop":67,"minecraft:bucket":88,"minecraft:yellow_bed":1,"uncraftingtable76:uncraftingtable":2},"minecraft:killed":{"iceandfire:hippogryph":2,"minecraft:cave_spider":2,"minecraft:witch":1,"graveyard:skeleton_creeper":1,"minecraft:spider":14,"minecraft:skeleton":59,"artifacts:mimic":1,"minecraft:wolf":1,"minecraft:pig":25,"minecraft:zombie_villager":2,"minecraft:iron_golem":1,"minecraft:creeper":5,"minecraft:sheep":14,"minecraft:pillager":18,"minecraft:goat":1,"minecraft:zombie":65,"minecraft:stray":1,"minecraft:glow_squid":1,"minecraft:cow":11,"minecraft:vindicator":3,"minecraft:phantom":9,"iceandfire:fire_dragon":1,"minecraft:ravager":2,"iceandfire:ghost":4,"minecraft:player":16,"minecraft:enderman":4}},"DataVersion":3465}