{"stats":{"minecraft:dropped":{"minecraft:moss_block":2,"minecraft:porkchop":16,"minecraft:lapis_lazuli":73,"minecraft:diamond":25,"minecraft:cooked_porkchop":3,"artifacts:cloud_in_a_bottle":1,"iceandfire:ectoplasm":6,"artifacts:universal_attractor":1,"minecraft:elytra":1,"minecraft:dirt":20,"minecraft:mutton":1,"minecraft:white_wool":8,"minecraft:goat_horn":1,"minecraft:cobbled_deepslate":62,"minecraft:rotten_flesh":12,"minecraft:oak_planks":4,"minecraft:azure_bluet":1,"minecraft:gunpowder":2,"minecraft:skeleton_skull":1,"minecraft:arrow":8,"minecraft:stone_brick_stairs":2,"minecraft:written_book":1,"iceandfire:silver_pickaxe":1,"iceandfire:manuscript":11,"minecraft:golden_boots":1,"minecraft:iron_ingot":28,"minecraft:bread":7,"minecraft:wheat_seeds":10,"minecraft:mossy_cobblestone":1,"minecraft:dripstone_block":8,"minecraft:golden_axe":1,"minecraft:iron_helmet":2,"minecraft:cobblestone":63,"minecraft:book":4,"minecraft:copper_ingot":6,"minecraft:golden_apple":5,"minecraft:stick":5,"minecraft:cobweb":3,"minecraft:diorite":5,"minecraft:iron_leggings":5,"minecraft:pumpkin":12,"minecraft:white_banner":4,"minecraft:string":6,"artifacts:bunny_hoppers":1,"minecraft:stone_brick_slab":4,"minecraft:redstone":56,"minecraft:moss_carpet":10,"yigd:grave":1,"minecraft:stone_sword":2,"minecraft:raw_copper":479,"minecraft:tuff":10,"minecraft:raw_iron":18,"soulsweapons:sting":2,"minecraft:iron_boots":7,"minecraft:cobbled_deepslate_slab":15,"minecraft:skeleton_spawn_egg":1,"minecraft:pumpkin_seeds":4,"minecraft:deepslate_bricks":4,"minecraft:filled_map":1,"minecraft:hay_block":14,"minecraft:iron_chestplate":7,"minecraft:diamond_pickaxe":2,"artifacts:steadfast_spikes":1,"minecraft:andesite":30,"iceandfire:silver_ingot":2,"artifacts:pocket_piston":2,"minecraft:oak_sapling":13,"minecraft:spider_eye":1,"minecraft:raw_gold":28,"minecraft:wooden_pickaxe":1,"minecraft:glow_squid_spawn_egg":1},"minecraft:picked_up":{"minecraft:iron_chestplate":5,"minecraft:wheat":16,"artifacts:bunny_hoppers":1,"soulsweapons:moonstone":38,"artifacts:chorus_totem":1,"minecraft:wither_rose":2,"minecraft:stone_brick_stairs":3,"minecraft:stray_spawn_egg":1,"iceandfire:manuscript":11,"minecraft:string":17,"minecraft:raw_copper":640,"minecraft:iron_leggings":3,"minecraft:cobbled_deepslate":216,"bosses_of_mass_destruction:soul_star":2,"minecraft:spruce_planks":1,"minecraft:written_book":1,"minecraft:smooth_quartz":4,"minecraft:coal_block":2,"minecraft:furnace":6,"minecraft:iron_boots":3,"minecraft:stick":5,"iceandfire:armor_copper_metal_leggings":1,"minecraft:torch":22,"minecraft:porkchop":81,"minecraft:golden_axe":1,"minecraft:honeycomb_block":3,"minecraft:pointed_dripstone":64,"minecraft:diorite":6,"minecraft:goat_horn":1,"minecraft:zombie_spawn_egg":2,"minecraft:stone_sword":1,"minecraft:rotten_flesh":72,"minecraft:deepslate_brick_stairs":2,"minecraft:obsidian":18,"minecraft:cobblestone":689,"minecraft:feather":10,"minecraft:andesite":42,"minecraft:chiseled_quartz_block":1,"minecraft:potato":4,"minecraft:tuff":10,"minecraft:lapis_lazuli":170,"minecraft:glow_squid_spawn_egg":1,"minecraft:dirt":55,"minecraft:zombie_villager_spawn_egg":1,"minecraft:bone":44,"minecraft:bow":3,"minecraft:wheat_seeds":14,"minecraft:deepslate_brick_slab":5,"minecraft:raw_gold":75,"minecraft:cobbled_deepslate_slab":15,"minecraft:bamboo":30,"tacz:gun_smith_table":1,"minecraft:moss_block":2,"minecraft:oak_planks":4,"iceandfire:dragon_skull_fire":2,"minecraft:mossy_cobblestone":1,"minecraft:skeleton_spawn_egg":2,"minecraft:light_gray_concrete":2,"minecraft:diamond":27,"minecraft:soul_lantern":6,"minecraft:crossbow":2,"minecraft:granite":41,"minecraft:golden_apple":1,"soulsweapons:verglas":22,"minecraft:emerald":27,"minecraft:oak_sapling":13,"iceandfire:raw_silver":21,"minecraft:diamond_pickaxe":2,"minecraft:crafting_table":6,"minecraft:azure_bluet":4,"minecraft:chicken":1,"minecraft:gold_block":1,"minecraft:spider_spawn_egg":1,"minecraft:moss_carpet":10,"tacz:ammo":195,"soulsweapons:sting":1,"deeperdarker:warden_carapace":2,"graveyard:corruption":1,"minecraft:beef":21,"fleshz:hide":7,"minecraft:poppy":3,"minecraft:chest":1,"minecraft:raw_iron":152,"iceandfire:dragonbone":32,"terra_armory:bee_sword":1,"minecraft:copper_ingot":1,"minecraft:stone_button":5,"minecraft:carrot":3,"minecraft:redstone":91,"iceandfire:silver_ingot":2,"minecraft:arrow":35,"minecraft:deepslate_bricks":4,"minecraft:hay_block":54,"minecraft:saddle":1,"artifacts:pocket_piston":1,"minecraft:mutton":10,"minecraft:skeleton_skull":1,"minecraft:white_wool":23,"minecraft:dark_oak_button":1,"minecraft:glow_ink_sac":18,"minecraft:leather":4,"yigd:grave":1,"minecraft:oak_log":37,"minecraft:gunpowder":5,"minecraft:yellow_bed":2,"iceandfire:ectoplasm":6,"minecraft:golden_boots":1,"artifacts:cloud_in_a_bottle":1,"minecraft:cobbled_deepslate_stairs":2,"iceandfire:armor_copper_metal_helmet":1,"minecraft:white_banner":7,"minecraft:apple":3,"minecraft:gray_carpet":1,"minecraft:iron_ingot":17,"minecraft:cobweb":3,"artifacts:steadfast_spikes":1,"minecraft:book":10,"minecraft:pumpkin":24,"minecraft:stone_brick_slab":6,"minecraft:dripstone_block":10,"minecraft:gravel":1,"minecraft:blast_furnace":1,"minecraft:white_bed":3,"graveyard:middle_bone_staff":1,"minecraft:spider_eye":2,"iceandfire:silver_pickaxe":1,"minecraft:purple_bed":4,"tacz:modern_kinetic_gun":2,"minecraft:honey_block":2,"minecraft:iron_helmet":2,"minecraft:damaged_anvil":1,"minecraft:coal":238,"minecraft:ender_pearl":3},"minecraft:killed_by":{"minecraft:ravager":1,"minecraft:vindicator":1,"minecraft:cave_spider":1,"minecraft:zombie":4,"minecraft:player":1,"minecraft:spider":1,"minecraft:enderman":2,"bosses_of_mass_destruction:void_blossom":5,"minecraft:warden":1,"minecraft:skeleton":5,"iceandfire:ghost":3},"minecraft:custom":{"minecraft:interact_with_crafting_table":62,"minecraft:open_barrel":18,"minecraft:bell_ring":82,"minecraft:leave_game":9,"minecraft:time_since_death":12229,"minecraft:sprint_one_cm":899705,"minecraft:damage_blocked_by_shield":1845,"minecraft:drop":176,"minecraft:play_time":651693,"minecraft:deaths":27,"minecraft:jump":7248,"minecraft:walk_on_water_one_cm":51299,"minecraft:interact_with_furnace":117,"minecraft:interact_with_cartography_table":2,"minecraft:sleep_in_bed":6,"minecraft:damage_dealt":53691,"minecraft:player_kills":15,"minecraft:crouch_one_cm":99549,"minecraft:interact_with_smoker":18,"minecraft:interact_with_anvil":9,"minecraft:mob_kills":228,"minecraft:climb_one_cm":16455,"minecraft:walk_one_cm":821448,"minecraft:raid_win":2,"minecraft:sneak_time":29691,"minecraft:walk_under_water_one_cm":33491,"minecraft:interact_with_blast_furnace":45,"minecraft:total_world_time":651693,"minecraft:tune_noteblock":1,"minecraft:raid_trigger":2,"minecraft:time_since_rest":12254,"minecraft:damage_taken":19232,"minecraft:damage_absorbed":196,"minecraft:trigger_trapped_chest":2,"minecraft:swim_one_cm":53762,"minecraft:fly_one_cm":3039031,"minecraft:open_chest":235,"minecraft:aviate_one_cm":548466,"minecraft:fall_one_cm":965375},"minecraft:mined":{"minecraft:dark_oak_planks":7,"minecraft:red_nether_brick_slab":4,"minecraft:waxed_cut_copper_slab":1,"minerally:deepslate_emerald_crystal_0":6,"minerally:deepslate_gold_pile_0":3,"minerally:diamond_crystal":1,"minerally:deepslate_gold_pile_1":3,"minecraft:spruce_planks":1,"minecraft:white_bed":3,"iceandfire:graveyard_soil":1,"minerally:deepslate_emerald_crystal_1":6,"minerally:copper_rock":3,"minerally:deepslate_diamond_crystal_0":1,"minecraft:cobbled_deepslate_stairs":7,"minecraft:sculk_vein":3,"minecraft:red_nether_bricks":1,"minecraft:obsidian":18,"minecraft:granite":43,"minecraft:grass_block":15,"minerally:coal_pile_0":1,"minecraft:deepslate_bricks":3,"minecraft:coal_block":2,"tacz:gun_smith_table":1,"minecraft:spawner":6,"minerally:deepslate_copper_pile_0":3,"minecraft:iron_ore":90,"minecraft:cobbled_deepslate":6,"minecraft:fire":14,"minerally:coal_rock":2,"minecraft:pumpkin":13,"minecraft:deepslate_lapis_ore":9,"minecraft:stripped_dark_oak_wood":1,"minecraft:azure_bluet":3,"minecraft:pointed_dripstone":55,"minerally:deepslate_coal_pile_0":2,"minerally:coal_pile_1":1,"minecraft:light_gray_concrete":2,"minerally:diamond_rock":1,"minecraft:deepslate_brick_stairs":8,"minerally:deepslate_diamond_crystal_1":1,"minecraft:stripped_mangrove_wood":1,"minecraft:tripwire":3,"minerally:deepslate_redstone_pile_0":1,"minecraft:deepslate_redstone_ore":12,"minerally:deepslate_redstone_pile":1,"graveyard:middle_bone_staff":1,"soulsweapons:verglas_ore_deepslate":12,"minecraft:deepslate_tile_slab":1,"minecraft:soul_lantern":4,"minecraft:powder_snow":4,"soulsweapons:moonstone_ore":6,"minecraft:torch":13,"minecraft:blast_furnace":1,"minecraft:calcite":2,"minecraft:poppy":3,"minerally:deepslate_coal_pile_1":1,"iceandfire:ghost_chest":1,"minecraft:chest":1,"minerally:deepslate_emerald_crystal":6,"minerally:deepslate_copper_pile":3,"minecraft:honeycomb_block":3,"minecraft:cobblestone":25,"minecraft:damaged_anvil":1,"minecraft:oak_planks":3,"minecraft:iron_door":1,"minecraft:wall_torch":7,"minecraft:deepslate_copper_ore":25,"minecraft:skeleton_skull":1,"minerally:deepslate_geode":2,"minecraft:wither_rose":2,"minecraft:stone_brick_stairs":1,"minecraft:grass":115,"minecraft:oak_log":37,"minecraft:dirt":16,"minecraft:smooth_quartz":4,"minerally:deepslate_copper_pile_1":3,"minerally:gold_pile":2,"minecraft:oak_leaves":12,"minecraft:deepslate":224,"soulsweapons:verglas_ore":9,"minecraft:infested_deepslate":2,"minecraft:tuff":9,"iceandfire:silver_ore":19,"minecraft:mossy_cobblestone":2,"minecraft:deepslate_diamond_ore":9,"minecraft:glow_lichen":1,"minecraft:cobbled_deepslate_slab":15,"minecraft:stone_button":6,"iceandfire:deepslate_silver_ore":4,"minerally:deepslate_iron_pile_1":1,"minecraft:mangrove_trapdoor":1,"minecraft:moss_block":1,"minerally:deepslate_lapis_pile_0":3,"minecraft:large_fern":1,"minecraft:hay_block":49,"minerally:deepslate_lapis_pile":3,"minecraft:deepslate_brick_slab":12,"minerally:deepslate_diamond_crystal":1,"minecraft:furnace":6,"minecraft:andesite":31,"minecraft:gold_block":1,"minerally:deepslate_iron_pile":1,"minerally:deepslate_iron_pile_0":1,"soulsweapons:moonstone_ore_deepslate":35,"minecraft:deepslate_iron_ore":25,"minerally:deepslate_gold_pile":3,"minecraft:vine":1,"minecraft:smooth_quartz_stairs":2,"minecraft:bamboo":15,"minecraft:stone":662,"minecraft:white_wool":2,"minecraft:podzol":2,"minerally:coal_pile":1,"minerally:gold_pile_1":1,"terra_armory:bee_sword_block":1,"minecraft:stone_brick_slab":2,"minecraft:crafting_table":6,"minerally:diamond_crystal_0":1,"minecraft:honey_block":4,"minecraft:emerald_ore":3,"yigd:grave":1,"minecraft:copper_ore":107,"minecraft:tall_grass":8,"minerally:gold_pile_0":2,"minecraft:lapis_ore":16,"minecraft:deepslate_gold_ore":60,"minecraft:sculk":18,"minerally:lapis_rock":4,"minecraft:diorite":16,"minecraft:purple_bed":3,"minerally:gold_rock":1,"minerally:iron_rock":5,"minerally:deepslate_coal_pile":2,"minerally:emerald_rock":5,"minecraft:yellow_bed":2,"minecraft:mangrove_slab":2,"minecraft:coal_ore":109,"minecraft:dark_oak_button":1,"minecraft:gravel":17,"minecraft:dripstone_block":9,"minecraft:cobweb":12,"minecraft:gold_ore":2,"minerally:diamond_crystal_1":1,"minerally:deepslate_lapis_pile_1":3,"minecraft:fern":1},"minecraft:broken":{"minecraft:diamond_helmet":1,"minecraft:iron_boots":1,"iceandfire:silver_pickaxe":1,"minecraft:iron_helmet":2},"minecraft:crafted":{"minecraft:oak_planks":44,"hangglider:hang_glider":1,"minecraft:stone":6,"minecraft:cooked_mutton":4,"minecraft:bow":1,"minecraft:iron_boots":4,"minecraft:chest":6,"uncraftingtable76:uncraftingtable":1,"minecraft:cooked_porkchop":47,"minecraft:iron_helmet":3,"minecraft:wooden_pickaxe":1,"minecraft:copper_ingot":70,"minecraft:dark_oak_slab":6,"minecraft:iron_chestplate":3,"minecraft:diamond_pickaxe":1,"minecraft:shield":1,"minecraft:stick":24,"minecraft:iron_ingot":146,"minecraft:iron_block":7,"minecraft:gold_ingot":53,"sawmill:sawmill":1,"hangglider:glider_framework":1,"soulsweapons:guts_sword":1,"minecraft:furnace":2,"hangglider:glider_wing":2,"minecraft:flint_and_steel":1,"minecraft:dark_oak_fence":3,"minecraft:iron_axe":1,"minecraft:stone_pickaxe":1,"minecraft:dark_oak_planks":28,"minecraft:wheat":192,"minecraft:diamond_sword":1,"iceandfire:silver_ingot":20,"tacz:gun_smith_table":1,"minecraft:bucket":2,"minecraft:bread":103,"minecraft:air":0,"minecraft:golden_apple":8,"minecraft:iron_leggings":3,"soulsweapons:sting":1,"minecraft:torch":4,"iceandfire:silver_pickaxe":3},"minecraft:used":{"minecraft:elytra":2,"minecraft:poppy":3,"minecraft:chest":7,"minecraft:shield":43,"minecraft:rotten_flesh":22,"minecraft:iron_chestplate":1,"minecraft:mutton":6,"minecraft:carrot":1,"minecraft:azure_bluet":1,"minecraft:lava_bucket":3,"minecraft:grass_block":19,"minecraft:iron_helmet":2,"minecraft:dark_oak_button":7,"minecraft:stone_brick_stairs":1,"minecraft:bow":47,"minecraft:written_book":1,"minecraft:furnace":8,"minecraft:diorite":1,"minecraft:damaged_anvil":1,"minecraft:stone_pickaxe":47,"minecraft:gray_carpet":1,"minecraft:ender_pearl":1,"minecraft:wooden_pickaxe":38,"minecraft:golden_apple":5,"minecraft:white_wool":2,"minecraft:blast_furnace":1,"minecraft:crossbow":1,"minecraft:chiseled_quartz_block":1,"minecraft:dripstone_block":2,"minecraft:deepslate_brick_stairs":1,"iceandfire:silver_pickaxe":783,"minecraft:firework_rocket":43,"minecraft:light_gray_concrete":2,"minecraft:bread":112,"minecraft:stone_button":6,"minecraft:iron_door":4,"terra_armory:bee_sword":29,"minecraft:gravel":1,"minecraft:soul_lantern":4,"minecraft:diamond_sword":261,"soulsweapons:sting":386,"minecraft:stone_sword":17,"minecraft:flint_and_steel":19,"tacz:gun_smith_table":2,"minecraft:spruce_planks":1,"minecraft:torch":44,"minecraft:dirt":13,"minecraft:golden_shovel":10,"minecraft:stone_brick_slab":2,"minecraft:iron_axe":121,"minecraft:iron_boots":1,"minecraft:smooth_quartz":4,"soulsweapons:guts_sword":512,"minecraft:totem_of_undying":1,"minecraft:cobbled_deepslate":42,"minecraft:iron_leggings":1,"minecraft:cooked_mutton":4,"minecraft:water_bucket":77,"minecraft:stonecutter":1,"minecraft:tnt":1,"minecraft:crafting_table":9,"minecraft:white_bed":4,"minecraft:smoker":1,"minecraft:oak_log":2,"minecraft:diamond_pickaxe":1011,"minecraft:apple":6,"sawmill:sawmill":1,"minecraft:cobblestone":339,"minecraft:purple_bed":4,"minecraft:porkchop":1,"minecraft:cooked_porkchop":49,"minecraft:bucket":81,"minecraft:yellow_bed":1,"uncraftingtable76:uncraftingtable":1},"minecraft:killed":{"iceandfire:hippogryph":2,"minecraft:cave_spider":2,"graveyard:skeleton_creeper":1,"minecraft:spider":11,"minecraft:skeleton":55,"artifacts:mimic":1,"minecraft:wolf":1,"minecraft:pig":24,"minecraft:zombie_villager":2,"minecraft:iron_golem":1,"minecraft:creeper":1,"minecraft:sheep":14,"minecraft:pillager":18,"minecraft:goat":1,"minecraft:zombie":54,"minecraft:stray":1,"minecraft:glow_squid":1,"minecraft:cow":9,"minecraft:vindicator":3,"minecraft:phantom":7,"minecraft:ravager":2,"iceandfire:ghost":4,"minecraft:player":15,"minecraft:enderman":4}},"DataVersion":3465}