{"stats":{"minecraft:dropped":{"minecraft:moss_block":2,"minecraft:porkchop":16,"minecraft:wheat_seeds":6,"minecraft:mossy_cobblestone":1,"minecraft:dripstone_block":1,"minecraft:cooked_porkchop":3,"minecraft:golden_axe":1,"minecraft:iron_helmet":2,"minecraft:cobblestone":45,"minecraft:book":4,"minecraft:golden_apple":4,"minecraft:stick":5,"minecraft:dirt":15,"minecraft:diorite":5,"minecraft:mutton":1,"minecraft:iron_leggings":1,"minecraft:white_banner":4,"minecraft:string":5,"minecraft:white_wool":8,"minecraft:moss_carpet":10,"minecraft:goat_horn":1,"yigd:grave":1,"minecraft:stone_sword":2,"minecraft:cobbled_deepslate":18,"minecraft:raw_copper":4,"minecraft:tuff":10,"minecraft:rotten_flesh":11,"soulsweapons:sting":2,"minecraft:oak_planks":4,"minecraft:iron_boots":3,"minecraft:cobbled_deepslate_slab":15,"minecraft:azure_bluet":1,"minecraft:hay_block":6,"minecraft:diamond_pickaxe":2,"minecraft:iron_chestplate":1,"artifacts:steadfast_spikes":1,"minecraft:andesite":22,"iceandfire:silver_ingot":1,"minecraft:oak_sapling":11,"artifacts:pocket_piston":2,"minecraft:arrow":8,"minecraft:wooden_pickaxe":1,"minecraft:written_book":1,"iceandfire:silver_pickaxe":1,"minecraft:glow_squid_spawn_egg":1},"minecraft:used":{"minecraft:stone_sword":17,"minecraft:flint_and_steel":2,"minecraft:poppy":3,"minecraft:chest":2,"minecraft:shield":37,"minecraft:rotten_flesh":12,"minecraft:torch":19,"minecraft:carrot":1,"minecraft:lava_bucket":3,"minecraft:iron_axe":81,"minecraft:iron_helmet":1,"minecraft:iron_boots":1,"minecraft:totem_of_undying":1,"minecraft:bow":2,"minecraft:written_book":1,"minecraft:furnace":8,"minecraft:cobbled_deepslate":8,"minecraft:cooked_mutton":4,"minecraft:water_bucket":63,"minecraft:diorite":1,"minecraft:damaged_anvil":1,"minecraft:stone_pickaxe":47,"minecraft:gray_carpet":1,"minecraft:wooden_pickaxe":38,"minecraft:golden_apple":2,"minecraft:white_wool":2,"minecraft:tnt":1,"minecraft:crafting_table":7,"minecraft:blast_furnace":1,"minecraft:crossbow":1,"minecraft:dripstone_block":1,"minecraft:white_bed":2,"minecraft:smoker":1,"iceandfire:silver_pickaxe":750,"minecraft:oak_log":2,"minecraft:diamond_pickaxe":371,"minecraft:bread":21,"minecraft:soul_lantern":4,"minecraft:diamond_sword":207,"minecraft:cobblestone":105,"minecraft:purple_bed":1,"minecraft:porkchop":1,"minecraft:bucket":67,"minecraft:cooked_porkchop":44,"minecraft:yellow_bed":1,"soulsweapons:sting":386},"minecraft:crafted":{"minecraft:oak_planks":28,"minecraft:furnace":2,"minecraft:cooked_mutton":4,"minecraft:flint_and_steel":1,"minecraft:bow":1,"minecraft:iron_boots":3,"minecraft:iron_axe":1,"minecraft:stone_pickaxe":1,"minecraft:chest":2,"minecraft:diamond_sword":1,"iceandfire:silver_ingot":20,"minecraft:cooked_porkchop":47,"minecraft:iron_helmet":2,"minecraft:wooden_pickaxe":1,"minecraft:bucket":2,"minecraft:bread":39,"minecraft:air":0,"minecraft:iron_chestplate":2,"minecraft:diamond_pickaxe":1,"minecraft:golden_apple":7,"minecraft:shield":1,"minecraft:stick":16,"minecraft:iron_ingot":115,"minecraft:iron_leggings":2,"minecraft:gold_ingot":45,"soulsweapons:sting":1,"minecraft:torch":4,"iceandfire:silver_pickaxe":3},"minecraft:killed":{"minecraft:cave_spider":2,"graveyard:skeleton_creeper":1,"minecraft:spider":11,"minecraft:vindicator":2,"minecraft:skeleton":34,"artifacts:mimic":1,"minecraft:pig":19,"minecraft:iron_golem":1,"minecraft:ravager":1,"minecraft:creeper":1,"minecraft:sheep":7,"minecraft:pillager":14,"minecraft:zombie":36,"minecraft:glow_squid":1,"minecraft:player":2,"minecraft:enderman":1},"minecraft:picked_up":{"minecraft:crafting_table":5,"minecraft:wheat":1,"minecraft:azure_bluet":1,"soulsweapons:moonstone":33,"artifacts:chorus_totem":1,"minecraft:spider_spawn_egg":1,"minecraft:string":11,"minecraft:moss_carpet":10,"minecraft:raw_copper":40,"soulsweapons:sting":1,"deeperdarker:warden_carapace":2,"minecraft:cobbled_deepslate":147,"bosses_of_mass_destruction:soul_star":1,"minecraft:written_book":1,"minecraft:poppy":3,"minecraft:coal_block":2,"minecraft:iron_boots":1,"minecraft:furnace":6,"minecraft:stick":5,"minecraft:raw_iron":132,"iceandfire:armor_copper_metal_leggings":1,"minecraft:torch":10,"minecraft:porkchop":72,"minecraft:golden_axe":1,"minecraft:pointed_dripstone":64,"minecraft:diorite":6,"minecraft:carrot":3,"minecraft:redstone":17,"minecraft:goat_horn":1,"minecraft:zombie_spawn_egg":1,"iceandfire:silver_ingot":1,"minecraft:stone_sword":1,"minecraft:arrow":16,"minecraft:rotten_flesh":47,"minecraft:hay_block":23,"artifacts:pocket_piston":1,"minecraft:obsidian":18,"minecraft:mutton":2,"minecraft:white_wool":17,"minecraft:cobblestone":434,"minecraft:glow_ink_sac":18,"minecraft:andesite":33,"yigd:grave":1,"minecraft:potato":4,"minecraft:tuff":10,"minecraft:oak_log":36,"minecraft:yellow_bed":2,"minecraft:golden_boots":1,"minecraft:gunpowder":3,"minecraft:cobbled_deepslate_stairs":1,"iceandfire:armor_copper_metal_helmet":1,"minecraft:lapis_lazuli":60,"minecraft:glow_squid_spawn_egg":1,"minecraft:dirt":30,"minecraft:white_banner":4,"minecraft:bone":12,"minecraft:apple":3,"minecraft:gray_carpet":1,"minecraft:bow":1,"minecraft:wheat_seeds":8,"minecraft:deepslate_brick_slab":5,"minecraft:raw_gold":42,"minecraft:cobbled_deepslate_slab":15,"minecraft:iron_ingot":6,"artifacts:steadfast_spikes":1,"minecraft:moss_block":2,"minecraft:oak_planks":4,"minecraft:book":10,"minecraft:dripstone_block":9,"minecraft:blast_furnace":1,"minecraft:white_bed":2,"minecraft:spider_eye":1,"minecraft:mossy_cobblestone":1,"iceandfire:silver_pickaxe":1,"minecraft:purple_bed":2,"minecraft:diamond":12,"minecraft:soul_lantern":6,"minecraft:iron_helmet":2,"minecraft:crossbow":1,"minecraft:granite":22,"minecraft:golden_apple":1,"soulsweapons:verglas":20,"minecraft:emerald":26,"minecraft:oak_sapling":11,"minecraft:damaged_anvil":1,"minecraft:coal":238,"iceandfire:raw_silver":20,"minecraft:ender_pearl":1,"minecraft:diamond_pickaxe":1},"minecraft:broken":{"minecraft:diamond_helmet":1,"minecraft:iron_helmet":1},"minecraft:custom":{"minecraft:interact_with_anvil":6,"minecraft:mob_kills":138,"minecraft:interact_with_crafting_table":40,"minecraft:open_barrel":18,"minecraft:bell_ring":82,"minecraft:leave_game":4,"minecraft:time_since_death":6676,"minecraft:climb_one_cm":784,"minecraft:sprint_one_cm":590292,"minecraft:walk_one_cm":403593,"minecraft:damage_blocked_by_shield":1685,"minecraft:drop":91,"minecraft:raid_win":1,"minecraft:play_time":252483,"minecraft:sneak_time":20607,"minecraft:deaths":16,"minecraft:walk_under_water_one_cm":14164,"minecraft:jump":4071,"minecraft:interact_with_blast_furnace":27,"minecraft:walk_on_water_one_cm":34323,"minecraft:total_world_time":252483,"minecraft:interact_with_furnace":78,"minecraft:interact_with_cartography_table":2,"minecraft:tune_noteblock":1,"minecraft:raid_trigger":1,"minecraft:sleep_in_bed":3,"minecraft:time_since_rest":6820,"minecraft:damage_taken":10144,"minecraft:damage_absorbed":75,"minecraft:damage_dealt":30064,"minecraft:swim_one_cm":7818,"minecraft:fly_one_cm":1005065,"minecraft:player_kills":2,"minecraft:open_chest":60,"minecraft:crouch_one_cm":66249,"minecraft:fall_one_cm":224205,"minecraft:interact_with_smoker":15},"minecraft:killed_by":{"minecraft:spider":1,"minecraft:enderman":1,"bosses_of_mass_destruction:void_blossom":5,"minecraft:ravager":1,"minecraft:warden":1,"minecraft:cave_spider":1,"minecraft:skeleton":3,"minecraft:zombie":1},"minecraft:mined":{"minecraft:infested_deepslate":2,"minecraft:dark_oak_planks":7,"minecraft:red_nether_brick_slab":4,"minecraft:waxed_cut_copper_slab":1,"minerally:deepslate_emerald_crystal_0":6,"minerally:deepslate_gold_pile_0":3,"minerally:diamond_crystal":1,"minerally:deepslate_gold_pile_1":3,"minecraft:tuff":9,"minecraft:white_bed":2,"minerally:deepslate_emerald_crystal_1":6,"iceandfire:silver_ore":16,"minecraft:mossy_cobblestone":2,"minerally:copper_rock":3,"minecraft:deepslate_diamond_ore":8,"minecraft:cobbled_deepslate_stairs":6,"minecraft:sculk_vein":3,"minecraft:red_nether_bricks":1,"minecraft:obsidian":18,"minecraft:cobbled_deepslate_slab":15,"minecraft:glow_lichen":1,"minecraft:granite":22,"minecraft:grass_block":5,"minerally:coal_pile_0":1,"iceandfire:deepslate_silver_ore":4,"minerally:deepslate_iron_pile_1":1,"minecraft:coal_block":2,"minecraft:deepslate_bricks":1,"minecraft:mangrove_trapdoor":1,"minecraft:moss_block":1,"minerally:deepslate_lapis_pile_0":3,"minecraft:spawner":3,"minecraft:large_fern":1,"minerally:deepslate_lapis_pile":3,"minecraft:hay_block":18,"minecraft:deepslate_brick_slab":12,"minerally:deepslate_copper_pile_0":1,"minecraft:furnace":6,"minecraft:iron_ore":80,"minecraft:fire":1,"minecraft:cobbled_deepslate":6,"minerally:coal_rock":2,"minecraft:andesite":12,"minecraft:deepslate_lapis_ore":2,"minecraft:stripped_dark_oak_wood":1,"minecraft:azure_bluet":3,"minerally:deepslate_iron_pile":1,"minerally:deepslate_iron_pile_0":1,"soulsweapons:moonstone_ore_deepslate":33,"minecraft:pointed_dripstone":51,"minerally:deepslate_coal_pile_0":2,"minecraft:deepslate_iron_ore":18,"minerally:deepslate_gold_pile":3,"minerally:coal_pile_1":1,"minerally:diamond_rock":1,"minecraft:deepslate_brick_stairs":6,"minecraft:smooth_quartz_stairs":2,"minecraft:stripped_mangrove_wood":1,"minecraft:stone":343,"minecraft:white_wool":2,"minerally:deepslate_redstone_pile_0":1,"minerally:coal_pile":1,"minecraft:deepslate_redstone_ore":8,"minerally:deepslate_redstone_pile":1,"soulsweapons:verglas_ore_deepslate":12,"yigd:grave":1,"minecraft:soul_lantern":4,"soulsweapons:moonstone_ore":2,"minecraft:crafting_table":5,"minecraft:torch":3,"minerally:diamond_crystal_0":1,"minecraft:blast_furnace":1,"minecraft:emerald_ore":3,"minecraft:poppy":2,"minecraft:calcite":2,"minerally:deepslate_coal_pile_1":1,"minerally:deepslate_emerald_crystal":6,"minerally:deepslate_copper_pile":1,"minecraft:copper_ore":1,"minecraft:tall_grass":5,"minecraft:cobblestone":16,"minerally:gold_pile_0":1,"minecraft:lapis_ore":6,"minecraft:deepslate_gold_ore":31,"minecraft:damaged_anvil":1,"minecraft:oak_planks":3,"minerally:lapis_rock":4,"minecraft:sculk":18,"minecraft:diorite":7,"minecraft:wall_torch":2,"minecraft:purple_bed":1,"minerally:deepslate_geode":2,"minerally:iron_rock":5,"minerally:deepslate_coal_pile":2,"minerally:emerald_rock":5,"minecraft:yellow_bed":2,"minecraft:grass":70,"minecraft:mangrove_slab":2,"minecraft:coal_ore":109,"minecraft:oak_log":36,"minecraft:dirt":11,"minecraft:dripstone_block":3,"minecraft:cobweb":3,"minerally:deepslate_copper_pile_1":1,"minerally:gold_pile":1,"minecraft:deepslate":189,"soulsweapons:verglas_ore":7,"minerally:diamond_crystal_1":1,"minecraft:oak_leaves":3,"minerally:deepslate_lapis_pile_1":3,"minecraft:fern":1}},"DataVersion":3465}