{"stats":{"minecraft:picked_up":{"minecraft:iron_chestplate":5,"minecraft:lead":2,"artifacts:bunny_hoppers":1,"artifacts:chorus_totem":1,"minecraft:wither_rose":2,"minecraft:stray_spawn_egg":1,"minecraft:music_disc_cat":1,"iceandfire:manuscript":11,"minecraft:string":38,"minecraft:cobbled_deepslate":319,"minecraft:gold_nugget":744,"bosses_of_mass_destruction:soul_star":5,"minecraft:spruce_planks":1,"minecraft:written_book":1,"minecraft:coal_block":2,"minecraft:jukebox":2,"vinurl:custom_record":3,"minecraft:golden_axe":2,"minecraft:honeycomb_block":3,"minecraft:zombie_spawn_egg":6,"minecraft:phantom_spawn_egg":2,"minecraft:stone_sword":1,"iceandfire:fire_dragon_heart":1,"minecraft:snowball":26,"minecraft:birch_log":43,"iceandfire:sapphire_gem":2,"minecraft:feather":12,"minecraft:iron_door":2,"minecraft:brown_wool":2,"minecraft:glow_squid_spawn_egg":1,"minecraft:zombie_villager_spawn_egg":1,"minecraft:stonecutter":3,"minecraft:rabbit":2,"tacz:gun_smith_table":1,"minecraft:moss_block":2,"iceandfire:dragon_skull_fire":5,"minecraft:granite":79,"minecraft:diamond_pickaxe":2,"iceandfire:raw_silver":48,"iceandfire:dragon_skull_lightning":1,"minecraft:crafting_table":8,"minecraft:coarse_dirt":1,"iceandfire:witherbone":4,"minecraft:spider_spawn_egg":4,"tacz:ammo":993,"minecraft:beef":23,"sawmill:sawmill":3,"minecraft:poppy":177,"minecraft:birch_sapling":28,"minecraft:chest":2,"minecraft:raw_copper_block":5,"minecraft:egg":1,"minecraft:redstone":91,"minecraft:carrot":505,"iceandfire:dragon_skull_ice":1,"minecraft:peony":11,"minecraft:deepslate_bricks":4,"minecraft:hay_block":54,"minecraft:gold_ingot":133,"artifacts:pocket_piston":1,"minecraft:mutton":12,"minecraft:white_wool":23,"yigd:grave":1,"minecraft:oak_log":194,"minecraft:golden_boots":1,"iceandfire:armor_copper_metal_helmet":1,"minecraft:paper":2,"minecraft:white_banner":8,"iceandfire:pixie_house_mushroom_red":2,"minecraft:apple":10,"minecraft:creeper_spawn_egg":1,"minecraft:cobweb":3,"artifacts:steadfast_spikes":1,"minecraft:dark_oak_slab":1,"iceandfire:dragonbone_sword":1,"minecraft:gravel":15,"graveyard:middle_bone_staff":1,"travelersbackpack:standard":3,"minecraft:purple_bed":4,"minecraft:slime_ball":1,"iceandfire:pixie_house_spruce":4,"tacz:modern_kinetic_gun":6,"minecraft:ender_pearl":4,"minecraft:wheat":200,"soulsweapons:moonstone":42,"minecraft:stone_brick_stairs":3,"travelersbackpack:spider":2,"minecraft:raw_copper":842,"minecraft:iron_leggings":4,"minecraft:iron_pickaxe":1,"minecraft:smooth_quartz":4,"minecraft:iron_boots":3,"minecraft:furnace":6,"minecraft:stick":69,"iceandfire:armor_copper_metal_leggings":1,"minecraft:torch":35,"uncraftingtable76:uncraftingtable":1,"minecraft:porkchop":81,"tacz:attachment":7,"minecraft:pointed_dripstone":64,"minecraft:diorite":46,"minecraft:vine":30,"minecraft:goat_horn":1,"minecraft:rotten_flesh":153,"minecraft:deepslate_brick_stairs":2,"minecraft:obsidian":19,"minecraft:cobblestone":1785,"minecraft:pink_petals":97,"minecraft:andesite":62,"minecraft:chiseled_quartz_block":1,"minecraft:potato":84,"minecraft:tuff":10,"minecraft:dirt":1115,"minecraft:wither_skeleton_skull":1,"artifacts:pickaxe_heater":1,"minecraft:lapis_lazuli":315,"minecraft:bone":86,"minecraft:bow":4,"minecraft:cobbled_deepslate_wall":1,"minecraft:wheat_seeds":488,"minecraft:deepslate_brick_slab":5,"minecraft:raw_gold":85,"minecraft:cobbled_deepslate_slab":15,"minecraft:bamboo":30,"minecraft:oak_planks":4,"minecraft:ghast_tear":1,"iceandfire:pixie_house_birch":1,"minecraft:shulker_box":2,"minecraft:mossy_cobblestone":1,"minecraft:light_gray_concrete":2,"minecraft:skeleton_spawn_egg":4,"minecraft:sugar":2,"minecraft:diamond":39,"minecraft:soul_lantern":6,"minecraft:crossbow":3,"minecraft:grass":4,"minecraft:golden_apple":1,"soulsweapons:verglas":26,"minecraft:emerald":36,"minecraft:oak_sapling":129,"minecraft:charcoal":2,"minecraft:azure_bluet":114,"minecraft:chicken":1,"iceandfire:pixie_house_oak":6,"iceandfire:fire_lily":3,"minecraft:gold_block":1,"the_bumblezone:music_disc_a_last_first_last":1,"minecraft:shield":1,"minecraft:moss_carpet":10,"soulsweapons:sting":1,"deeperdarker:warden_carapace":2,"graveyard:corruption":6,"fleshz:hide":11,"minecraft:sugar_cane":237,"minecraft:phantom_membrane":3,"iceandfire:dragonscales_gray":10,"iceandfire:dragonbone":58,"minecraft:raw_iron":214,"minecraft:copper_ingot":805,"minecraft:stone_button":5,"iceandfire:silver_ingot":2,"minecraft:arrow":70,"minecraft:saddle":1,"minecraft:skeleton_skull":2,"minecraft:dark_oak_button":5,"minecraft:glow_ink_sac":27,"minecraft:leather":6,"minecraft:birch_planks":1,"iceandfire:ectoplasm":6,"artifacts:cloud_in_a_bottle":2,"minecraft:cobbled_deepslate_stairs":3,"minecraft:yellow_bed":2,"minecraft:gunpowder":48,"minecraft:gray_carpet":2,"minecraft:rabbit_hide":1,"minecraft:silverfish_spawn_egg":1,"minecraft:iron_ingot":180,"iceandfire:fire_dragon_flesh":7,"minecraft:book":10,"minecraft:pumpkin":24,"minecraft:stone_brick_slab":7,"minecraft:dandelion":26,"minecraft:dripstone_block":10,"minecraft:blast_furnace":2,"minecraft:white_bed":3,"minecraft:spider_eye":8,"iceandfire:silver_pickaxe":1,"minecraft:honey_block":2,"minecraft:iron_helmet":2,"minecraft:damaged_anvil":3,"minecraft:coal":406},"minecraft:mined":{"minecraft:dark_oak_planks":7,"minecraft:red_nether_brick_slab":4,"minecraft:white_bed":3,"minerally:deepslate_diamond_crystal_0":3,"minecraft:red_nether_bricks":1,"minecraft:obsidian":19,"minecraft:granite":81,"minecraft:brown_wool":1,"iceandfire:pixie_house_oak":6,"minecraft:deepslate_bricks":3,"minecraft:coal_block":2,"tacz:gun_smith_table":1,"minecraft:spawner":6,"minecraft:cobbled_deepslate":17,"minecraft:fire":42,"minecraft:pumpkin":13,"minecraft:deepslate_lapis_ore":16,"minecraft:stripped_dark_oak_wood":1,"minecraft:sculk_shrieker":11,"iceandfire:gold_pile":91,"minecraft:dirt_path":1,"minecraft:light_gray_concrete":2,"minecraft:deepslate_brick_stairs":9,"minerally:deepslate_diamond_crystal_1":3,"minecraft:stripped_mangrove_wood":1,"minecraft:tripwire":3,"soulsweapons:verglas_ore_deepslate":12,"minecraft:deepslate_tile_slab":1,"minecraft:powder_snow":4,"soulsweapons:moonstone_ore":6,"minecraft:torch":16,"minecraft:blast_furnace":2,"minerally:deepslate_copper_pile":3,"iceandfire:sapphire_ore":2,"minerally:lapis_pile":1,"minecraft:sugar_cane":212,"minecraft:damaged_anvil":3,"minecraft:skeleton_skull":2,"minerally:deepslate_geode":2,"minecraft:wheat":65,"minecraft:jukebox":2,"minecraft:wither_rose":2,"minecraft:stone_brick_stairs":1,"minecraft:grass":383,"minecraft:smooth_quartz":4,"minerally:gold_pile":4,"minecraft:stonecutter":3,"minecraft:deepslate":344,"minecraft:infested_deepslate":2,"iceandfire:silver_ore":46,"minecraft:mossy_cobblestone":3,"iceandfire:pixie_house_birch":1,"minecraft:shulker_box":2,"minecraft:cobbled_deepslate_slab":15,"uncraftingtable76:uncraftingtable":1,"iceandfire:deepslate_silver_ore":4,"minerally:deepslate_iron_pile_1":2,"minerally:lapis_pile_1":1,"minecraft:moss_block":1,"minerally:deepslate_lapis_pile_0":5,"minerally:copper_pile":1,"iceandfire:chared_gravel":1,"minecraft:andesite":51,"minerally:deepslate_iron_pile":2,"minerally:deepslate_gold_pile":4,"minecraft:vine":33,"minecraft:smooth_quartz_stairs":2,"minecraft:bamboo":15,"minecraft:white_wool":2,"travelersbackpack:spider":1,"minecraft:stone_brick_slab":3,"minecraft:dandelion":4,"minecraft:cobbled_deepslate_wall":1,"minerally:diamond_crystal_0":1,"minecraft:emerald_ore":10,"yigd:grave":1,"minecraft:tall_grass":40,"minecraft:copper_ore":396,"minerally:gold_pile_0":4,"minerally:copper_pile_1":1,"minecraft:deepslate_gold_ore":75,"minecraft:diorite":52,"minecraft:purple_bed":3,"minecraft:coarse_dirt":1,"minerally:gold_rock":2,"minerally:iron_rock":5,"minerally:deepslate_coal_pile":2,"minecraft:dark_oak_button":3,"minecraft:dripstone_block":9,"minecraft:gravel":31,"minecraft:cobweb":12,"minecraft:gold_ore":2,"minecraft:infested_stone":2,"minecraft:fern":1,"minecraft:waxed_cut_copper_slab":1,"minerally:deepslate_gold_pile_0":4,"minerally:deepslate_emerald_crystal_0":7,"minerally:diamond_crystal":1,"minerally:deepslate_gold_pile_1":4,"minecraft:spruce_planks":1,"iceandfire:graveyard_soil":1,"minecraft:farmland":4,"minerally:deepslate_emerald_crystal_1":7,"minerally:copper_rock":3,"minecraft:cobbled_deepslate_stairs":9,"minecraft:sculk_vein":12,"minecraft:grass_block":852,"minerally:coal_pile_0":1,"minerally:deepslate_copper_pile_0":3,"minecraft:sculk_catalyst":2,"minecraft:iron_ore":280,"minerally:coal_rock":3,"minecraft:azure_bluet":29,"minecraft:pointed_dripstone":55,"minerally:deepslate_coal_pile_0":2,"minerally:coal_pile_1":1,"minerally:diamond_rock":1,"iceandfire:pixie_house_spruce":4,"minerally:deepslate_redstone_pile_0":1,"minecraft:deepslate_redstone_ore":12,"minerally:deepslate_redstone_pile":1,"graveyard:middle_bone_staff":1,"minecraft:polished_deepslate_stairs":1,"minecraft:soul_lantern":4,"minecraft:calcite":2,"minecraft:poppy":45,"minerally:deepslate_coal_pile_1":1,"iceandfire:ghost_chest":1,"minecraft:chest":2,"minerally:deepslate_emerald_crystal":7,"iceandfire:fire_lily":2,"minecraft:cobblestone":65,"minecraft:honeycomb_block":3,"minecraft:oak_planks":3,"minecraft:iron_door":3,"minecraft:wall_torch":13,"minecraft:deepslate_copper_ore":28,"minecraft:dark_oak_slab":1,"minecraft:birch_log":41,"minecraft:oak_log":199,"minecraft:dirt":188,"minerally:deepslate_copper_pile_1":3,"minecraft:raw_copper_block":5,"minecraft:oak_leaves":17,"soulsweapons:verglas_ore":13,"minecraft:tuff":25,"minecraft:deepslate_diamond_ore":15,"minecraft:glow_lichen":1,"minecraft:stone_button":6,"sawmill:sawmill":3,"minecraft:mangrove_trapdoor":1,"minecraft:spruce_leaves":1,"minecraft:large_fern":1,"minecraft:hay_block":49,"minecraft:deepslate_brick_slab":12,"minerally:deepslate_lapis_pile":5,"minerally:deepslate_diamond_crystal":3,"minecraft:furnace":6,"minecraft:carrots":28,"minecraft:peony":11,"minecraft:gold_block":1,"minerally:deepslate_iron_pile_0":2,"soulsweapons:moonstone_ore_deepslate":42,"minecraft:deepslate_iron_ore":59,"minerally:copper_pile_0":1,"minecraft:stone":1703,"minecraft:podzol":2,"minerally:coal_pile":1,"minerally:gold_pile_1":3,"minecraft:snow_block":5,"minecraft:crafting_table":8,"minecraft:honey_block":4,"minecraft:sculk_sensor":10,"minecraft:lapis_ore":28,"minecraft:sculk":111,"minerally:lapis_rock":5,"minecraft:birch_planks":1,"iceandfire:pixie_house_mushroom_red":2,"minerally:emerald_rock":6,"minecraft:yellow_bed":2,"minecraft:mangrove_slab":2,"minecraft:coal_ore":273,"minerally:lapis_pile_0":1,"minecraft:gray_carpet":1,"minerally:diamond_crystal_1":1,"minerally:deepslate_lapis_pile_1":5},"minecraft:dropped":{"minecraft:porkchop":16,"minecraft:lapis_lazuli":73,"minecraft:diamond":25,"minecraft:cooked_porkchop":3,"minecraft:dark_oak_slab":3,"minecraft:crossbow":2,"artifacts:cloud_in_a_bottle":1,"iceandfire:ectoplasm":6,"artifacts:universal_attractor":1,"minecraft:elytra":1,"graveyard:corruption":1,"minecraft:dirt":24,"minecraft:grass":4,"minecraft:raw_copper_block":1,"minecraft:stone_button":6,"minecraft:dark_oak_fence":1,"minecraft:gold_nugget":812,"minecraft:dark_oak_planks":1,"minecraft:white_wool":8,"minecraft:oak_door":2,"minecraft:goat_horn":1,"minecraft:cobbled_deepslate":62,"minecraft:wheat":1,"minecraft:rotten_flesh":15,"minecraft:oak_planks":6,"minecraft:azure_bluet":3,"minecraft:charcoal":4,"minecraft:quartz_block":128,"minecraft:stone_brick_stairs":2,"iceandfire:dragonbone_sword":1,"iceandfire:manuscript":11,"minecraft:iron_ingot":28,"minecraft:egg":2,"minecraft:golden_boots":1,"minecraft:wheat_seeds":24,"minecraft:dripstone_block":8,"minecraft:cobbled_deepslate_wall":6,"minecraft:oak_fence":2,"minecraft:cobblestone":84,"minecraft:iron_helmet":3,"minecraft:book":4,"minecraft:granite":5,"minecraft:golden_apple":5,"minecraft:cobweb":3,"soulsweapons:guts_sword":1,"minecraft:pumpkin":12,"minecraft:white_banner":4,"minecraft:string":6,"minecraft:gray_carpet":1,"artifacts:bunny_hoppers":1,"minecraft:stone_brick_slab":5,"minecraft:moss_carpet":10,"yigd:grave":1,"minecraft:stone_sword":2,"vinurl:custom_record":3,"minecraft:iron_boots":7,"minecraft:cobbled_deepslate_slab":15,"minecraft:polished_deepslate_stairs":1,"minecraft:pumpkin_seeds":4,"minecraft:blast_furnace":1,"minecraft:hay_block":14,"minecraft:diamond_pickaxe":2,"iceandfire:silver_ingot":2,"minecraft:spider_eye":1,"tacz:ammo":449,"iceandfire:dragonbone_sword_lightning":1,"minecraft:sandstone":4,"minecraft:bow":1,"minecraft:moss_block":2,"travelersbackpack:standard":3,"minecraft:mutton":1,"minecraft:gravel":5,"minecraft:poppy":104,"minecraft:gunpowder":18,"minecraft:skeleton_skull":1,"minecraft:arrow":9,"minecraft:written_book":1,"iceandfire:silver_pickaxe":1,"minecraft:bread":7,"minecraft:oak_slab":3,"minecraft:mossy_cobblestone":1,"minecraft:golden_axe":1,"minecraft:copper_ingot":6,"minecraft:stick":5,"minecraft:diorite":25,"minecraft:iron_leggings":7,"tacz:modern_kinetic_gun":2,"minecraft:music_disc_cat":1,"minecraft:dandelion":2,"minecraft:redstone":56,"minecraft:oak_trapdoor":1,"minecraft:raw_copper":479,"minecraft:jukebox":2,"minecraft:tuff":10,"minecraft:raw_iron":18,"soulsweapons:sting":2,"minecraft:skeleton_spawn_egg":1,"minecraft:shulker_box":1,"minecraft:deepslate_bricks":4,"minecraft:filled_map":1,"minecraft:shield":1,"minecraft:iron_chestplate":7,"minecraft:andesite":36,"artifacts:steadfast_spikes":1,"minecraft:oak_sapling":51,"artifacts:pocket_piston":2,"iceandfire:fire_dragon_heart":1,"minecraft:wooden_pickaxe":1,"minecraft:raw_gold":28,"minecraft:glow_squid_spawn_egg":1},"minecraft:killed_by":{"minecraft:ravager":1,"minecraft:zoglin":1,"minecraft:vindicator":1,"minecraft:zombie":7,"minecraft:warden":1,"iceandfire:ghost":3,"minecraft:wither_skeleton":1,"graveyard:skeleton_creeper":1,"minecraft:cave_spider":1,"iceandfire:fire_dragon":3,"minecraft:player":1,"minecraft:spider":3,"minecraft:enderman":2,"bosses_of_mass_destruction:void_blossom":5,"minecraft:skeleton":5},"minecraft:used":{"minecraft:poppy":3,"iceandfire:dragon_skull_ice":1,"minecraft:elytra":2,"minecraft:chest":15,"minecraft:rotten_flesh":24,"minecraft:azure_bluet":2,"minecraft:lava_bucket":3,"minecraft:grass_block":19,"minecraft:dark_oak_slab":1,"minecraft:dark_oak_button":11,"minecraft:stone_brick_stairs":1,"minecraft:bow":47,"minecraft:furnace":8,"minecraft:potato":50,"minecraft:damaged_anvil":3,"minecraft:diorite":1,"minecraft:wooden_pickaxe":38,"minecraft:golden_apple":5,"minecraft:blast_furnace":1,"minecraft:chiseled_quartz_block":1,"minecraft:deepslate_brick_stairs":1,"iceandfire:silver_pickaxe":1527,"minecraft:stone_button":6,"minecraft:soul_lantern":4,"minecraft:diamond_sword":261,"soulsweapons:sting":386,"minecraft:oak_trapdoor":1,"minecraft:enchanting_table":1,"minecraft:stone_sword":17,"minecraft:torch":121,"minecraft:golden_shovel":32,"minecraft:iron_axe":199,"soulsweapons:guts_sword":525,"minecraft:smooth_quartz":4,"minecraft:totem_of_undying":1,"minecraft:raw_copper_block":4,"minecraft:cobbled_deepslate":46,"minecraft:wheat_seeds":138,"minecraft:water_bucket":207,"minecraft:birch_planks":1,"minecraft:vine":32,"minecraft:crafting_table":11,"minecraft:tnt":1,"minecraft:phantom_spawn_egg":1,"minecraft:white_bed":4,"minecraft:oak_log":2,"minecraft:diamond_pickaxe":1463,"minecraft:cobblestone":426,"travelersbackpack:standard":2,"minecraft:purple_bed":4,"minecraft:cooked_porkchop":108,"minecraft:porkchop":1,"minecraft:jukebox":3,"uncraftingtable76:uncraftingtable":2,"minecraft:iron_shovel":851,"minecraft:shield":59,"minecraft:iron_sword":300,"minecraft:zombie_spawn_egg":9,"the_bumblezone:music_disc_a_last_first_last":1,"minecraft:iron_chestplate":1,"minecraft:birch_pressure_plate":6,"minecraft:mutton":6,"minecraft:carrot":174,"minecraft:obsidian":33,"minecraft:iron_helmet":2,"minecraft:written_book":1,"travelersbackpack:spider":6,"minecraft:gray_carpet":1,"minecraft:stone_pickaxe":47,"minecraft:ender_pearl":3,"iceandfire:pixie_house_oak":2,"minecraft:diamond_axe":660,"minecraft:sugar_cane":114,"minecraft:white_wool":3,"iceandfire:dragonbone_sword_lightning":8,"minecraft:crossbow":1,"minecraft:dripstone_block":2,"minecraft:shears":36,"tacz:target":1,"iceandfire:dragonbone_sword":218,"minecraft:firework_rocket":43,"minecraft:light_gray_concrete":2,"minecraft:bread":112,"minecraft:brown_wool":1,"minecraft:iron_door":10,"minecraft:gravel":1,"iceandfire:pixie_house_mushroom_red":1,"minecraft:bone_meal":177,"minecraft:oak_fence":1,"minecraft:flint_and_steel":52,"tacz:gun_smith_table":2,"minecraft:spruce_planks":1,"minecraft:dirt":3565,"minecraft:spyglass":12,"minecraft:shulker_box":2,"minecraft:iron_hoe":385,"minecraft:stone_brick_slab":2,"minecraft:iron_boots":1,"minecraft:golden_carrot":37,"iceandfire:dragonbone_pickaxe":569,"minecraft:iron_leggings":1,"minecraft:cobbled_deepslate_wall":1,"minecraft:cooked_mutton":4,"iceandfire:pixie_house_spruce":1,"soulsweapons:moonstone_pickaxe":520,"minecraft:stonecutter":4,"vinurl:custom_record":2,"minecraft:smoker":3,"minecraft:apple":6,"iceandfire:dragonbone_bow":3,"sawmill:sawmill":4,"fleshz:wood_rack":13,"minecraft:white_banner":1,"minecraft:bucket":218,"minecraft:yellow_bed":1},"minecraft:crafted":{"vinurl:custom_record":1,"minecraft:cactus":3,"minecraft:chain":2,"the_bumblezone:music_disc_a_last_first_last":1,"minecraft:cooked_mutton":4,"minecraft:diamond_helmet":3,"minecraft:diamond_leggings":2,"minecraft:iron_door":6,"minecraft:magenta_dye":4,"tacz:target":1,"magicmirror:magic_mirror":1,"minecraft:cooked_porkchop":47,"minecraft:cobbled_deepslate_wall":6,"minecraft:copper_ingot":503,"torchesntrinkets:lantern_belt":1,"minecraft:iron_block":7,"minecraft:gold_ingot":85,"minecraft:cyan_wool":1,"minecraft:golden_carrot":56,"sawmill:sawmill":1,"hangglider:glider_framework":1,"minecraft:magenta_wool":1,"minecraft:jukebox":1,"minecraft:iron_nugget":18,"minecraft:spyglass":1,"hangglider:glider_wing":2,"minecraft:vine":2,"minecraft:orange_wool":1,"minecraft:lantern":1,"minecraft:dark_oak_fence":3,"minecraft:stone_pickaxe":1,"minecraft:diamond_boots":2,"minecraft:dark_oak_planks":44,"minecraft:lead":2,"minecraft:wheat":192,"iceandfire:dragonbone_sword":1,"minecraft:enchanting_table":1,"tacz:gun_smith_table":1,"minecraft:lily_pad":10,"minecraft:orange_dye":3,"minecraft:golden_apple":12,"minecraft:iron_shovel":3,"minecraft:iron_leggings":4,"minecraft:note_block":1,"iceandfire:silver_pickaxe":5,"minecraft:oak_planks":92,"hangglider:hang_glider":1,"minecraft:stone":51,"minecraft:green_dye":3,"fleshz:wood_rack":13,"minecraft:bow":1,"minecraft:iron_boots":5,"minecraft:chest":13,"minecraft:copper_block":114,"minecraft:oak_fence":3,"uncraftingtable76:uncraftingtable":1,"minecraft:smoker":2,"minecraft:oak_slab":42,"fleshz:prepared_hide":13,"tacz:ammo_box":2,"minecraft:wooden_pickaxe":1,"minecraft:iron_helmet":4,"minecraft:birch_pressure_plate":6,"minecraft:red_wool":1,"minecraft:birch_planks":8,"iceandfire:dragonbone_bow":1,"minecraft:dark_oak_slab":6,"minecraft:iron_chestplate":4,"minecraft:diamond_pickaxe":2,"minecraft:purple_dye":3,"minecraft:yellow_dye":1,"minecraft:shield":2,"minecraft:stick":32,"minecraft:iron_ingot":253,"torchesntrinkets:soul_lantern_belt":1,"minecraft:purple_wool":1,"soulsweapons:guts_sword":1,"minecraft:furnace":4,"minecraft:sugar_cane":3,"minecraft:oak_trapdoor":2,"minecraft:flint_and_steel":2,"minecraft:iron_axe":1,"minecraft:iron_hoe":3,"minecraft:sugar":48,"minecraft:diamond_sword":1,"minecraft:cyan_dye":2,"iceandfire:silver_ingot":28,"minecraft:iron_sword":1,"minecraft:bucket":4,"iceandfire:dragonbone_pickaxe":1,"minecraft:bread":159,"minecraft:air":0,"minecraft:gold_nugget":450,"minecraft:white_dye":2,"minecraft:blue_wool":1,"minecraft:green_wool":1,"soulsweapons:sting":1,"minecraft:torch":24,"minecraft:diamond_chestplate":2},"minecraft:broken":{"minecraft:diamond_helmet":1,"minecraft:iron_boots":1,"minecraft:iron_chestplate":1,"minecraft:iron_hoe":3,"minecraft:iron_helmet":3,"minecraft:iron_shovel":3,"minecraft:golden_shovel":1,"iceandfire:silver_pickaxe":2},"minecraft:killed":{"iceandfire:hippogryph":2,"minecraft:cave_spider":2,"minecraft:skeleton":88,"minecraft:guardian":1,"minecraft:iron_golem":1,"minecraft:pillager":20,"minecraft:goat":1,"minecraft:zombie":152,"minecraft:glow_squid":3,"minecraft:cow":11,"minecraft:vindicator":3,"graveyard:ghoul":3,"minecraft:ravager":2,"iceandfire:ghost":4,"minecraft:enderman":5,"minecraft:witch":3,"graveyard:skeleton_creeper":4,"minecraft:spider":32,"minecraft:silverfish":4,"artifacts:mimic":3,"minecraft:wolf":1,"minecraft:pig":25,"minecraft:zombie_villager":2,"minecraft:creeper":38,"minecraft:sheep":16,"minecraft:stray":1,"minecraft:ghast":3,"minecraft:phantom":25,"iceandfire:fire_dragon":1,"minecraft:wither_skeleton":9,"minecraft:player":16},"minecraft:custom":{"minecraft:interact_with_crafting_table":128,"minecraft:open_barrel":44,"minecraft:bell_ring":82,"minecraft:leave_game":15,"minecraft:time_since_death":378982,"minecraft:damage_blocked_by_shield":2880,"minecraft:play_time":1310640,"minecraft:deaths":38,"minecraft:jump":11469,"minecraft:interact_with_furnace":154,"minecraft:play_record":3,"minecraft:traded_with_villager":16,"minecraft:interact_with_cartography_table":2,"minecraft:sleep_in_bed":7,"minecraft:damage_dealt":80674,"minecraft:interact_with_smoker":20,"minecraft:interact_with_anvil":13,"minecraft:sneak_time":76923,"minecraft:interact_with_blast_furnace":117,"minecraft:total_world_time":1310640,"minecraft:tune_noteblock":1,"minecraft:interact_with_stonecutter":1,"minecraft:time_since_rest":309806,"minecraft:swim_one_cm":68892,"minecraft:fly_one_cm":5686448,"minecraft:open_chest":901,"minecraft:fall_one_cm":1790471,"minecraft:open_shulker_box":2,"minecraft:sprint_one_cm":1535814,"minecraft:drop":268,"minecraft:talked_to_villager":7,"minecraft:walk_on_water_one_cm":76810,"minecraft:player_kills":16,"minecraft:crouch_one_cm":282015,"minecraft:mob_kills":477,"minecraft:damage_dealt_resisted":387,"minecraft:climb_one_cm":18251,"minecraft:walk_one_cm":2020994,"minecraft:raid_win":2,"minecraft:walk_under_water_one_cm":35710,"minecraft:raid_trigger":2,"minecraft:damage_taken":30361,"minecraft:damage_absorbed":196,"minecraft:trigger_trapped_chest":2,"minecraft:aviate_one_cm":548466}},"DataVersion":3465}