{"stats":{"minecraft:custom":{"minecraft:jump":91,"minecraft:time_since_rest":3476,"minecraft:damage_dealt":70,"minecraft:crouch_one_cm":374,"minecraft:sprint_one_cm":9049,"minecraft:play_time":3476,"minecraft:time_since_death":3476,"minecraft:walk_one_cm":12542,"minecraft:sneak_time":111,"minecraft:total_world_time":3476,"minecraft:mob_kills":3,"minecraft:fall_one_cm":418,"minecraft:fly_one_cm":25694,"minecraft:player_kills":2},"minecraft:killed":{"minecraft:sheep":1,"minecraft:player":2,"minecraft:pillager":2},"minecraft:picked_up":{"minecraft:mutton":1,"minecraft:wheat_seeds":1,"minecraft:white_wool":1}},"DataVersion":3465}