{"stats":{"minecraft:broken":{"minecraft:diamond_helmet":1},"minecraft:crafted":{"minecraft:oak_planks":20,"minecraft:furnace":2,"minecraft:cooked_mutton":1,"minecraft:iron_boots":1,"minecraft:iron_axe":1,"minecraft:stone_pickaxe":1,"minecraft:chest":2,"iceandfire:silver_ingot":4,"minecraft:cooked_porkchop":28,"minecraft:wooden_pickaxe":1,"minecraft:iron_helmet":2,"minecraft:bucket":2,"minecraft:bread":6,"minecraft:air":0,"minecraft:iron_chestplate":1,"minecraft:diamond_pickaxe":1,"minecraft:shield":1,"minecraft:stick":8,"minecraft:iron_ingot":96,"minecraft:iron_leggings":1,"soulsweapons:sting":1,"minecraft:torch":4,"iceandfire:silver_pickaxe":1},"minecraft:used":{"soulsweapons:sting":345,"minecraft:stone_sword":17,"minecraft:shield":2,"minecraft:chest":2,"minecraft:rotten_flesh":12,"minecraft:torch":15,"minecraft:lava_bucket":3,"minecraft:iron_axe":43,"minecraft:iron_helmet":1,"minecraft:iron_boots":1,"minecraft:totem_of_undying":1,"minecraft:written_book":1,"minecraft:furnace":6,"minecraft:cooked_mutton":1,"minecraft:water_bucket":38,"minecraft:diorite":1,"minecraft:damaged_anvil":1,"minecraft:stone_pickaxe":47,"minecraft:wooden_pickaxe":38,"minecraft:white_wool":2,"minecraft:crafting_table":6,"minecraft:blast_furnace":1,"minecraft:smoker":1,"iceandfire:silver_pickaxe":313,"minecraft:diamond_pickaxe":365,"minecraft:bread":5,"minecraft:soul_lantern":4,"minecraft:cobblestone":50,"minecraft:porkchop":1,"minecraft:cooked_porkchop":25,"minecraft:bucket":42,"minecraft:yellow_bed":1},"minecraft:custom":{"minecraft:mob_kills":96,"minecraft:interact_with_crafting_table":27,"minecraft:open_barrel":15,"minecraft:bell_ring":82,"minecraft:leave_game":2,"minecraft:time_since_death":14383,"minecraft:climb_one_cm":784,"minecraft:sprint_one_cm":391243,"minecraft:walk_one_cm":245521,"minecraft:damage_blocked_by_shield":185,"minecraft:drop":44,"minecraft:play_time":143365,"minecraft:sneak_time":9833,"minecraft:deaths":12,"minecraft:walk_under_water_one_cm":12608,"minecraft:jump":2483,"minecraft:interact_with_blast_furnace":9,"minecraft:walk_on_water_one_cm":20401,"minecraft:total_world_time":143365,"minecraft:interact_with_furnace":65,"minecraft:tune_noteblock":1,"minecraft:interact_with_cartography_table":2,"minecraft:sleep_in_bed":3,"minecraft:time_since_rest":14404,"minecraft:damage_taken":5945,"minecraft:damage_dealt":17315,"minecraft:swim_one_cm":7205,"minecraft:fly_one_cm":649545,"minecraft:player_kills":2,"minecraft:open_chest":30,"minecraft:crouch_one_cm":31323,"minecraft:fall_one_cm":91883},"minecraft:killed":{"minecraft:spider":11,"minecraft:skeleton":27,"artifacts:mimic":1,"minecraft:pig":19,"minecraft:iron_golem":1,"minecraft:creeper":1,"minecraft:sheep":7,"minecraft:pillager":5,"minecraft:zombie":20,"minecraft:glow_squid":1,"minecraft:player":2},"minecraft:killed_by":{"minecraft:spider":1,"minecraft:enderman":1,"bosses_of_mass_destruction:void_blossom":5,"minecraft:skeleton":3},"minecraft:mined":{"minecraft:waxed_cut_copper_slab":1,"minecraft:dark_oak_planks":7,"minecraft:red_nether_brick_slab":4,"minerally:deepslate_gold_pile_0":3,"minerally:deepslate_emerald_crystal_0":2,"minerally:diamond_crystal":1,"minerally:deepslate_gold_pile_1":3,"minecraft:white_bed":1,"minerally:deepslate_emerald_crystal_1":2,"iceandfire:silver_ore":16,"minecraft:mossy_cobblestone":2,"minerally:copper_rock":2,"minecraft:deepslate_diamond_ore":3,"minecraft:cobbled_deepslate_stairs":6,"minecraft:sculk_vein":3,"minecraft:red_nether_bricks":1,"minecraft:obsidian":18,"minecraft:granite":15,"minecraft:cobbled_deepslate_slab":15,"minecraft:grass_block":4,"minerally:coal_pile_0":1,"iceandfire:deepslate_silver_ore":4,"minecraft:coal_block":2,"minecraft:deepslate_bricks":1,"minecraft:mangrove_trapdoor":1,"minecraft:moss_block":1,"minerally:deepslate_lapis_pile_0":2,"minecraft:spawner":2,"minecraft:large_fern":1,"minecraft:hay_block":7,"minerally:deepslate_lapis_pile":2,"minerally:deepslate_copper_pile_0":1,"minecraft:deepslate_brick_slab":12,"minecraft:furnace":6,"minecraft:iron_ore":66,"minecraft:andesite":1,"minerally:coal_rock":2,"minecraft:stripped_dark_oak_wood":1,"soulsweapons:moonstone_ore_deepslate":17,"minerally:deepslate_coal_pile_0":1,"minecraft:deepslate_iron_ore":15,"minerally:deepslate_gold_pile":3,"minerally:coal_pile_1":1,"minecraft:deepslate_brick_stairs":6,"minecraft:smooth_quartz_stairs":2,"minecraft:stone":286,"minecraft:stripped_mangrove_wood":1,"minecraft:white_wool":2,"minecraft:deepslate_redstone_ore":4,"minerally:coal_pile":1,"soulsweapons:verglas_ore_deepslate":5,"minecraft:soul_lantern":4,"soulsweapons:moonstone_ore":2,"minecraft:crafting_table":4,"minecraft:torch":3,"minerally:diamond_crystal_0":1,"minecraft:blast_furnace":1,"minecraft:emerald_ore":3,"minecraft:calcite":2,"minerally:deepslate_coal_pile_1":1,"minerally:deepslate_emerald_crystal":2,"minerally:deepslate_copper_pile":1,"minecraft:tall_grass":4,"minecraft:copper_ore":1,"minecraft:cobblestone":3,"minerally:gold_pile_0":1,"minecraft:lapis_ore":6,"minecraft:deepslate_gold_ore":17,"minecraft:damaged_anvil":1,"minerally:lapis_rock":2,"minecraft:diorite":3,"minecraft:wall_torch":2,"minerally:deepslate_geode":2,"minerally:iron_rock":3,"minerally:deepslate_coal_pile":1,"minerally:emerald_rock":2,"minecraft:yellow_bed":2,"minecraft:grass":40,"minecraft:mangrove_slab":2,"minecraft:oak_log":28,"minecraft:coal_ore":109,"minecraft:dirt":11,"minecraft:dripstone_block":1,"minecraft:cobweb":1,"minerally:gold_pile":1,"minerally:deepslate_copper_pile_1":1,"minerally:diamond_crystal_1":1,"minecraft:deepslate":7,"minerally:deepslate_lapis_pile_1":2,"minecraft:fern":1,"soulsweapons:verglas_ore":6},"minecraft:dropped":{"minecraft:moss_block":2,"minecraft:porkchop":16,"minecraft:wheat_seeds":5,"minecraft:mossy_cobblestone":1,"minecraft:dripstone_block":1,"minecraft:cobblestone":45,"minecraft:iron_helmet":2,"minecraft:book":4,"minecraft:stick":3,"minecraft:dirt":15,"minecraft:diorite":1,"minecraft:mutton":1,"minecraft:string":1,"minecraft:white_wool":8,"minecraft:moss_carpet":10,"minecraft:goat_horn":1,"minecraft:stone_sword":1,"minecraft:cobbled_deepslate":8,"minecraft:raw_copper":3,"minecraft:rotten_flesh":7,"soulsweapons:sting":1,"minecraft:oak_planks":4,"minecraft:cobbled_deepslate_slab":15,"minecraft:hay_block":6,"minecraft:andesite":1,"iceandfire:silver_ingot":1,"minecraft:oak_sapling":11,"minecraft:arrow":7,"minecraft:wooden_pickaxe":1,"minecraft:written_book":1,"minecraft:glow_squid_spawn_egg":1},"minecraft:picked_up":{"minecraft:crafting_table":4,"minecraft:wheat":1,"soulsweapons:moonstone":19,"artifacts:chorus_totem":1,"minecraft:spider_spawn_egg":1,"minecraft:string":6,"minecraft:moss_carpet":10,"minecraft:raw_copper":39,"soulsweapons:sting":1,"minecraft:cobbled_deepslate":8,"minecraft:written_book":1,"minecraft:coal_block":2,"minecraft:furnace":6,"minecraft:stick":3,"minecraft:raw_iron":100,"iceandfire:armor_copper_metal_leggings":1,"minecraft:torch":10,"minecraft:porkchop":72,"minecraft:diorite":2,"minecraft:carrot":2,"minecraft:redstone":17,"minecraft:goat_horn":1,"minecraft:zombie_spawn_egg":1,"iceandfire:silver_ingot":1,"minecraft:arrow":10,"minecraft:rotten_flesh":21,"minecraft:hay_block":12,"minecraft:obsidian":18,"minecraft:mutton":2,"minecraft:white_wool":17,"minecraft:cobblestone":296,"minecraft:glow_ink_sac":15,"minecraft:andesite":1,"minecraft:potato":4,"minecraft:oak_log":28,"minecraft:gunpowder":2,"minecraft:yellow_bed":2,"minecraft:cobbled_deepslate_stairs":1,"iceandfire:armor_copper_metal_helmet":1,"minecraft:dirt":30,"minecraft:lapis_lazuli":48,"minecraft:glow_squid_spawn_egg":1,"minecraft:bone":7,"minecraft:apple":3,"minecraft:bow":1,"minecraft:wheat_seeds":6,"minecraft:deepslate_brick_slab":5,"minecraft:raw_gold":30,"minecraft:cobbled_deepslate_slab":15,"minecraft:iron_ingot":6,"minecraft:moss_block":2,"minecraft:oak_planks":4,"minecraft:book":10,"minecraft:dripstone_block":1,"minecraft:blast_furnace":1,"minecraft:white_bed":1,"minecraft:spider_eye":1,"minecraft:mossy_cobblestone":1,"minecraft:diamond":7,"minecraft:soul_lantern":6,"minecraft:iron_helmet":1,"minecraft:granite":15,"minecraft:golden_apple":1,"soulsweapons:verglas":11,"minecraft:emerald":10,"minecraft:oak_sapling":11,"minecraft:damaged_anvil":1,"minecraft:coal":237,"iceandfire:raw_silver":20}},"DataVersion":3465}