{"stats":{"minecraft:custom":{"minecraft:interact_with_crafting_table":84,"minecraft:open_barrel":31,"minecraft:bell_ring":82,"minecraft:leave_game":12,"minecraft:time_since_death":72155,"minecraft:sprint_one_cm":1031632,"minecraft:damage_blocked_by_shield":2115,"minecraft:drop":241,"minecraft:play_time":799254,"minecraft:deaths":32,"minecraft:jump":8589,"minecraft:walk_on_water_one_cm":57902,"minecraft:interact_with_furnace":130,"minecraft:interact_with_cartography_table":2,"minecraft:sleep_in_bed":6,"minecraft:damage_dealt":60564,"minecraft:player_kills":16,"minecraft:crouch_one_cm":113610,"minecraft:interact_with_smoker":20,"minecraft:interact_with_anvil":9,"minecraft:mob_kills":306,"minecraft:damage_dealt_resisted":387,"minecraft:climb_one_cm":16455,"minecraft:walk_one_cm":1172370,"minecraft:raid_win":2,"minecraft:sneak_time":35451,"minecraft:walk_under_water_one_cm":34060,"minecraft:interact_with_blast_furnace":60,"minecraft:total_world_time":799254,"minecraft:tune_noteblock":1,"minecraft:raid_trigger":2,"minecraft:interact_with_stonecutter":1,"minecraft:time_since_rest":72285,"minecraft:damage_absorbed":196,"minecraft:damage_taken":24190,"minecraft:trigger_trapped_chest":2,"minecraft:swim_one_cm":66287,"minecraft:fly_one_cm":4281714,"minecraft:open_chest":458,"minecraft:aviate_one_cm":548466,"minecraft:fall_one_cm":1256774},"minecraft:picked_up":{"minecraft:iron_chestplate":5,"minecraft:wheat":51,"artifacts:bunny_hoppers":1,"soulsweapons:moonstone":42,"artifacts:chorus_totem":1,"minecraft:wither_rose":2,"minecraft:stone_brick_stairs":3,"minecraft:stray_spawn_egg":1,"minecraft:music_disc_cat":1,"iceandfire:manuscript":11,"minecraft:string":20,"minecraft:raw_copper":840,"minecraft:iron_leggings":4,"minecraft:cobbled_deepslate":278,"minecraft:gold_nugget":744,"bosses_of_mass_destruction:soul_star":3,"minecraft:spruce_planks":1,"minecraft:written_book":1,"minecraft:smooth_quartz":4,"minecraft:coal_block":2,"minecraft:iron_boots":3,"minecraft:furnace":6,"minecraft:stick":69,"iceandfire:armor_copper_metal_leggings":1,"minecraft:torch":30,"uncraftingtable76:uncraftingtable":1,"minecraft:porkchop":81,"minecraft:golden_axe":1,"minecraft:honeycomb_block":3,"minecraft:pointed_dripstone":64,"minecraft:diorite":6,"minecraft:goat_horn":1,"minecraft:zombie_spawn_egg":3,"minecraft:stone_sword":1,"minecraft:rotten_flesh":100,"iceandfire:fire_dragon_heart":1,"minecraft:deepslate_brick_stairs":2,"minecraft:obsidian":19,"minecraft:cobblestone":797,"minecraft:birch_log":43,"minecraft:pink_petals":97,"minecraft:feather":10,"minecraft:andesite":46,"minecraft:brown_wool":2,"minecraft:chiseled_quartz_block":1,"minecraft:potato":5,"minecraft:tuff":10,"artifacts:pickaxe_heater":1,"minecraft:lapis_lazuli":171,"minecraft:glow_squid_spawn_egg":1,"minecraft:dirt":114,"minecraft:zombie_villager_spawn_egg":1,"minecraft:bone":57,"minecraft:bow":4,"minecraft:stonecutter":1,"minecraft:wheat_seeds":94,"minecraft:deepslate_brick_slab":5,"minecraft:raw_gold":82,"minecraft:cobbled_deepslate_slab":15,"minecraft:bamboo":30,"tacz:gun_smith_table":1,"minecraft:moss_block":2,"minecraft:oak_planks":4,"iceandfire:pixie_house_birch":1,"iceandfire:dragon_skull_fire":5,"minecraft:mossy_cobblestone":1,"minecraft:skeleton_spawn_egg":4,"minecraft:light_gray_concrete":2,"minecraft:diamond":34,"minecraft:soul_lantern":6,"minecraft:crossbow":3,"minecraft:granite":41,"minecraft:golden_apple":1,"soulsweapons:verglas":23,"minecraft:emerald":29,"minecraft:oak_sapling":129,"minecraft:diamond_pickaxe":2,"iceandfire:raw_silver":29,"iceandfire:dragon_skull_lightning":1,"minecraft:charcoal":2,"minecraft:coarse_dirt":1,"minecraft:crafting_table":7,"minecraft:azure_bluet":4,"minecraft:chicken":1,"iceandfire:pixie_house_oak":6,"minecraft:gold_block":1,"minecraft:spider_spawn_egg":1,"minecraft:shield":1,"minecraft:moss_carpet":10,"tacz:ammo":195,"soulsweapons:sting":1,"graveyard:corruption":4,"deeperdarker:warden_carapace":2,"minecraft:beef":23,"sawmill:sawmill":1,"fleshz:hide":11,"minecraft:poppy":6,"minecraft:chest":1,"minecraft:birch_sapling":28,"minecraft:raw_copper_block":4,"minecraft:egg":1,"minecraft:raw_iron":213,"iceandfire:dragonbone":58,"iceandfire:dragonscales_gray":10,"terra_armory:bee_sword":1,"minecraft:copper_ingot":1,"minecraft:stone_button":5,"minecraft:carrot":52,"minecraft:redstone":91,"iceandfire:dragon_skull_ice":1,"iceandfire:silver_ingot":2,"minecraft:arrow":49,"minecraft:peony":11,"minecraft:deepslate_bricks":4,"minecraft:hay_block":54,"artifacts:pocket_piston":1,"minecraft:saddle":1,"minecraft:gold_ingot":119,"minecraft:mutton":12,"minecraft:skeleton_skull":2,"minecraft:white_wool":23,"minecraft:dark_oak_button":1,"minecraft:glow_ink_sac":18,"minecraft:leather":4,"yigd:grave":1,"minecraft:oak_log":194,"minecraft:gunpowder":13,"minecraft:yellow_bed":2,"iceandfire:ectoplasm":6,"minecraft:golden_boots":1,"artifacts:cloud_in_a_bottle":1,"minecraft:cobbled_deepslate_stairs":3,"iceandfire:armor_copper_metal_helmet":1,"minecraft:white_banner":7,"iceandfire:pixie_house_mushroom_red":2,"minecraft:apple":10,"minecraft:gray_carpet":1,"minecraft:iron_ingot":17,"minecraft:cobweb":3,"artifacts:steadfast_spikes":1,"iceandfire:fire_dragon_flesh":7,"minecraft:book":10,"minecraft:dark_oak_slab":1,"minecraft:pumpkin":24,"minecraft:stone_brick_slab":7,"minecraft:dripstone_block":10,"minecraft:gravel":1,"minecraft:blast_furnace":2,"minecraft:white_bed":3,"graveyard:middle_bone_staff":1,"minecraft:spider_eye":2,"iceandfire:silver_pickaxe":1,"minecraft:purple_bed":4,"minecraft:slime_ball":1,"iceandfire:pixie_house_spruce":4,"tacz:modern_kinetic_gun":4,"minecraft:honey_block":2,"minecraft:iron_helmet":2,"minecraft:damaged_anvil":3,"minecraft:coal":305,"minecraft:ender_pearl":3},"minecraft:killed_by":{"minecraft:ravager":1,"minecraft:vindicator":1,"minecraft:cave_spider":1,"minecraft:zombie":6,"iceandfire:fire_dragon":3,"minecraft:player":1,"minecraft:spider":1,"minecraft:enderman":2,"bosses_of_mass_destruction:void_blossom":5,"minecraft:warden":1,"minecraft:skeleton":5,"iceandfire:ghost":3},"minecraft:used":{"minecraft:elytra":2,"iceandfire:dragon_skull_ice":1,"minecraft:poppy":3,"minecraft:chest":13,"minecraft:shield":47,"minecraft:zombie_spawn_egg":9,"minecraft:iron_sword":126,"minecraft:rotten_flesh":22,"minecraft:iron_chestplate":1,"minecraft:mutton":6,"minecraft:carrot":51,"minecraft:azure_bluet":1,"minecraft:obsidian":4,"minecraft:lava_bucket":3,"minecraft:grass_block":19,"minecraft:iron_helmet":2,"minecraft:dark_oak_slab":1,"minecraft:dark_oak_button":7,"minecraft:stone_brick_stairs":1,"minecraft:bow":47,"minecraft:written_book":1,"minecraft:furnace":8,"minecraft:diorite":1,"minecraft:damaged_anvil":3,"minecraft:stone_pickaxe":47,"minecraft:gray_carpet":1,"minecraft:ender_pearl":3,"minecraft:wooden_pickaxe":38,"iceandfire:pixie_house_oak":2,"minecraft:golden_apple":5,"minecraft:white_wool":2,"minecraft:blast_furnace":1,"minecraft:crossbow":1,"minecraft:chiseled_quartz_block":1,"minecraft:dripstone_block":2,"minecraft:deepslate_brick_stairs":1,"iceandfire:silver_pickaxe":1067,"minecraft:firework_rocket":43,"minecraft:bread":112,"minecraft:light_gray_concrete":2,"minecraft:brown_wool":1,"minecraft:stone_button":6,"minecraft:iron_door":4,"terra_armory:bee_sword":29,"minecraft:gravel":1,"minecraft:soul_lantern":4,"minecraft:diamond_sword":261,"iceandfire:pixie_house_mushroom_red":1,"soulsweapons:sting":386,"minecraft:bone_meal":162,"minecraft:stone_sword":17,"minecraft:flint_and_steel":27,"minecraft:spruce_planks":1,"tacz:gun_smith_table":2,"minecraft:torch":53,"minecraft:dirt":36,"minecraft:golden_shovel":32,"minecraft:stone_brick_slab":2,"minecraft:iron_hoe":212,"minecraft:iron_axe":199,"minecraft:iron_boots":1,"minecraft:smooth_quartz":4,"soulsweapons:guts_sword":525,"minecraft:totem_of_undying":1,"minecraft:raw_copper_block":4,"minecraft:golden_carrot":1,"minecraft:cobbled_deepslate":42,"minecraft:iron_leggings":1,"minecraft:wheat_seeds":50,"minecraft:cooked_mutton":4,"minecraft:water_bucket":95,"iceandfire:pixie_house_spruce":1,"minecraft:stonecutter":2,"minecraft:tnt":1,"minecraft:crafting_table":10,"minecraft:white_bed":4,"minecraft:smoker":3,"minecraft:oak_log":2,"minecraft:diamond_pickaxe":1233,"minecraft:apple":6,"sawmill:sawmill":2,"fleshz:wood_rack":13,"minecraft:purple_bed":4,"minecraft:porkchop":1,"minecraft:cobblestone":339,"minecraft:cooked_porkchop":88,"minecraft:bucket":101,"minecraft:yellow_bed":1,"uncraftingtable76:uncraftingtable":2},"minecraft:mined":{"minecraft:dark_oak_planks":7,"minecraft:red_nether_brick_slab":4,"minecraft:waxed_cut_copper_slab":1,"minerally:deepslate_emerald_crystal_0":6,"minerally:deepslate_gold_pile_0":4,"minerally:diamond_crystal":1,"minerally:deepslate_gold_pile_1":4,"minecraft:spruce_planks":1,"minecraft:white_bed":3,"minerally:deepslate_emerald_crystal_1":6,"iceandfire:graveyard_soil":1,"minecraft:farmland":2,"minerally:copper_rock":3,"minerally:deepslate_diamond_crystal_0":2,"minecraft:cobbled_deepslate_stairs":9,"minecraft:sculk_vein":3,"minecraft:red_nether_bricks":1,"minecraft:obsidian":19,"minecraft:granite":43,"minecraft:grass_block":46,"minecraft:brown_wool":1,"minerally:coal_pile_0":1,"iceandfire:pixie_house_oak":6,"minecraft:coal_block":2,"minecraft:deepslate_bricks":3,"tacz:gun_smith_table":1,"minecraft:spawner":6,"minerally:deepslate_copper_pile_0":3,"minecraft:sculk_catalyst":1,"minecraft:iron_ore":149,"minecraft:cobbled_deepslate":6,"minecraft:fire":22,"minerally:coal_rock":3,"minecraft:pumpkin":13,"minecraft:deepslate_lapis_ore":9,"minecraft:stripped_dark_oak_wood":1,"minecraft:azure_bluet":3,"minecraft:sculk_shrieker":1,"minecraft:pointed_dripstone":55,"minerally:deepslate_coal_pile_0":2,"iceandfire:gold_pile":91,"minecraft:dirt_path":1,"minecraft:deepslate_brick_stairs":8,"minerally:coal_pile_1":1,"minecraft:light_gray_concrete":2,"minerally:diamond_rock":1,"iceandfire:pixie_house_spruce":4,"minerally:deepslate_diamond_crystal_1":2,"minecraft:stripped_mangrove_wood":1,"minecraft:tripwire":3,"minerally:deepslate_redstone_pile_0":1,"minecraft:deepslate_redstone_ore":12,"minerally:deepslate_redstone_pile":1,"graveyard:middle_bone_staff":1,"soulsweapons:verglas_ore_deepslate":12,"minecraft:deepslate_tile_slab":1,"minecraft:soul_lantern":4,"minecraft:powder_snow":4,"soulsweapons:moonstone_ore":6,"minecraft:torch":16,"minecraft:blast_furnace":2,"minecraft:calcite":2,"minecraft:poppy":5,"minerally:deepslate_coal_pile_1":1,"iceandfire:ghost_chest":1,"minecraft:chest":1,"minerally:deepslate_emerald_crystal":6,"minerally:deepslate_copper_pile":3,"minecraft:honeycomb_block":3,"minecraft:cobblestone":25,"minecraft:damaged_anvil":3,"minecraft:oak_planks":3,"minecraft:iron_door":1,"minecraft:wall_torch":9,"minecraft:deepslate_copper_ore":25,"minecraft:skeleton_skull":2,"minerally:deepslate_geode":2,"minecraft:dark_oak_slab":1,"minecraft:birch_log":41,"minecraft:stone_brick_stairs":1,"minecraft:wither_rose":2,"minecraft:grass":168,"minecraft:oak_log":199,"minecraft:dirt":27,"minecraft:smooth_quartz":4,"minerally:deepslate_copper_pile_1":3,"minerally:gold_pile":3,"minecraft:raw_copper_block":4,"minecraft:stonecutter":1,"minecraft:deepslate":286,"minecraft:oak_leaves":17,"minecraft:infested_deepslate":2,"soulsweapons:verglas_ore":10,"minecraft:tuff":11,"iceandfire:silver_ore":27,"minecraft:mossy_cobblestone":3,"minecraft:deepslate_diamond_ore":13,"iceandfire:pixie_house_birch":1,"minecraft:glow_lichen":1,"minecraft:cobbled_deepslate_slab":15,"minecraft:stone_button":6,"sawmill:sawmill":1,"uncraftingtable76:uncraftingtable":1,"iceandfire:deepslate_silver_ore":4,"minerally:deepslate_iron_pile_1":2,"minecraft:mangrove_trapdoor":1,"minecraft:spruce_leaves":1,"minecraft:moss_block":1,"minerally:deepslate_lapis_pile_0":3,"minecraft:large_fern":1,"minecraft:hay_block":49,"minerally:deepslate_lapis_pile":3,"minecraft:deepslate_brick_slab":12,"minerally:deepslate_diamond_crystal":2,"minecraft:furnace":6,"minerally:copper_pile":1,"minecraft:andesite":35,"iceandfire:chared_gravel":1,"minecraft:peony":11,"minecraft:gold_block":1,"minerally:deepslate_iron_pile":2,"minerally:deepslate_iron_pile_0":2,"soulsweapons:moonstone_ore_deepslate":42,"minecraft:deepslate_iron_ore":25,"minerally:deepslate_gold_pile":4,"minecraft:vine":1,"minerally:copper_pile_0":1,"minecraft:smooth_quartz_stairs":2,"minecraft:bamboo":15,"minecraft:stone":761,"minecraft:white_wool":2,"minecraft:podzol":2,"minerally:coal_pile":1,"minerally:gold_pile_1":2,"terra_armory:bee_sword_block":1,"minecraft:stone_brick_slab":3,"minecraft:crafting_table":7,"minerally:diamond_crystal_0":1,"minecraft:honey_block":4,"minecraft:emerald_ore":4,"yigd:grave":1,"minecraft:sculk_sensor":6,"minecraft:copper_ore":166,"minecraft:tall_grass":10,"minerally:gold_pile_0":3,"minerally:copper_pile_1":1,"minecraft:lapis_ore":16,"minecraft:deepslate_gold_ore":60,"minecraft:sculk":105,"minerally:lapis_rock":5,"minecraft:diorite":16,"minecraft:purple_bed":3,"minerally:gold_rock":2,"minecraft:coarse_dirt":1,"minerally:iron_rock":5,"iceandfire:pixie_house_mushroom_red":2,"minerally:deepslate_coal_pile":2,"minerally:emerald_rock":6,"minecraft:yellow_bed":2,"minecraft:mangrove_slab":2,"minecraft:coal_ore":175,"minecraft:dark_oak_button":1,"minecraft:gravel":17,"minecraft:dripstone_block":9,"minecraft:cobweb":12,"minecraft:gold_ore":2,"minerally:diamond_crystal_1":1,"minerally:deepslate_lapis_pile_1":3,"minecraft:fern":1},"minecraft:crafted":{"minecraft:oak_planks":76,"hangglider:hang_glider":1,"minecraft:chain":2,"minecraft:stone":51,"minecraft:cooked_mutton":4,"fleshz:wood_rack":13,"minecraft:bow":1,"minecraft:iron_boots":5,"minecraft:chest":12,"uncraftingtable76:uncraftingtable":1,"minecraft:smoker":2,"minecraft:oak_slab":42,"minecraft:cooked_porkchop":47,"minecraft:iron_helmet":4,"minecraft:wooden_pickaxe":1,"minecraft:copper_ingot":159,"minecraft:dark_oak_slab":6,"minecraft:iron_chestplate":4,"minecraft:diamond_pickaxe":1,"torchesntrinkets:lantern_belt":1,"minecraft:shield":1,"minecraft:stick":32,"minecraft:iron_ingot":164,"minecraft:iron_block":7,"minecraft:gold_ingot":53,"torchesntrinkets:soul_lantern_belt":1,"sawmill:sawmill":1,"minecraft:golden_carrot":16,"hangglider:glider_framework":1,"soulsweapons:guts_sword":1,"minecraft:iron_nugget":18,"minecraft:furnace":4,"hangglider:glider_wing":2,"minecraft:flint_and_steel":1,"minecraft:lantern":1,"minecraft:dark_oak_fence":3,"minecraft:iron_axe":1,"minecraft:iron_hoe":1,"minecraft:stone_pickaxe":1,"minecraft:dark_oak_planks":44,"minecraft:wheat":192,"minecraft:diamond_sword":1,"iceandfire:silver_ingot":20,"minecraft:iron_sword":1,"tacz:gun_smith_table":1,"minecraft:bucket":3,"minecraft:bread":159,"minecraft:air":0,"minecraft:golden_apple":12,"minecraft:gold_nugget":153,"minecraft:iron_leggings":4,"soulsweapons:sting":1,"minecraft:torch":8,"iceandfire:silver_pickaxe":4},"minecraft:dropped":{"minecraft:moss_block":2,"minecraft:porkchop":16,"minecraft:lapis_lazuli":73,"minecraft:diamond":25,"minecraft:cooked_porkchop":3,"minecraft:dark_oak_slab":3,"minecraft:crossbow":2,"artifacts:cloud_in_a_bottle":1,"iceandfire:ectoplasm":6,"artifacts:universal_attractor":1,"minecraft:elytra":1,"graveyard:corruption":1,"minecraft:dirt":21,"minecraft:stone_button":6,"minecraft:dark_oak_fence":1,"minecraft:mutton":1,"minecraft:gold_nugget":812,"minecraft:white_wool":8,"minecraft:oak_door":2,"minecraft:goat_horn":1,"minecraft:cobbled_deepslate":62,"minecraft:wheat":1,"minecraft:rotten_flesh":15,"minecraft:oak_planks":4,"minecraft:azure_bluet":3,"minecraft:gunpowder":18,"minecraft:skeleton_skull":1,"minecraft:charcoal":4,"minecraft:quartz_block":128,"minecraft:arrow":9,"minecraft:stone_brick_stairs":2,"minecraft:written_book":1,"iceandfire:silver_pickaxe":1,"iceandfire:manuscript":11,"minecraft:egg":2,"minecraft:bread":7,"minecraft:golden_boots":1,"minecraft:iron_ingot":28,"minecraft:oak_slab":3,"minecraft:wheat_seeds":24,"minecraft:mossy_cobblestone":1,"minecraft:dripstone_block":8,"minecraft:golden_axe":1,"minecraft:iron_helmet":3,"minecraft:cobblestone":84,"minecraft:book":4,"minecraft:copper_ingot":6,"minecraft:golden_apple":5,"minecraft:stick":5,"minecraft:cobweb":3,"minecraft:diorite":7,"soulsweapons:guts_sword":1,"minecraft:iron_leggings":7,"tacz:modern_kinetic_gun":2,"minecraft:pumpkin":12,"minecraft:white_banner":4,"minecraft:string":6,"minecraft:music_disc_cat":1,"artifacts:bunny_hoppers":1,"minecraft:dandelion":2,"minecraft:stone_brick_slab":5,"minecraft:redstone":56,"minecraft:moss_carpet":10,"yigd:grave":1,"minecraft:stone_sword":2,"minecraft:raw_copper":479,"minecraft:tuff":10,"minecraft:raw_iron":18,"soulsweapons:sting":2,"minecraft:iron_boots":7,"minecraft:cobbled_deepslate_slab":15,"minecraft:skeleton_spawn_egg":1,"minecraft:polished_deepslate_stairs":1,"minecraft:pumpkin_seeds":4,"minecraft:blast_furnace":1,"minecraft:deepslate_bricks":4,"minecraft:filled_map":1,"minecraft:hay_block":14,"minecraft:shield":1,"minecraft:diamond_pickaxe":2,"minecraft:iron_chestplate":7,"artifacts:steadfast_spikes":1,"minecraft:andesite":35,"iceandfire:silver_ingot":2,"artifacts:pocket_piston":2,"minecraft:oak_sapling":51,"minecraft:spider_eye":1,"tacz:ammo":449,"minecraft:sandstone":4,"minecraft:bow":1,"iceandfire:fire_dragon_heart":1,"minecraft:raw_gold":28,"minecraft:wooden_pickaxe":1,"minecraft:glow_squid_spawn_egg":1},"minecraft:broken":{"minecraft:diamond_helmet":1,"minecraft:iron_boots":1,"minecraft:iron_chestplate":1,"minecraft:golden_shovel":1,"iceandfire:silver_pickaxe":1,"minecraft:iron_hoe":1,"minecraft:iron_helmet":3},"minecraft:killed":{"iceandfire:hippogryph":2,"minecraft:cave_spider":2,"minecraft:witch":1,"graveyard:skeleton_creeper":1,"minecraft:spider":15,"minecraft:skeleton":68,"artifacts:mimic":2,"minecraft:wolf":1,"minecraft:pig":25,"minecraft:zombie_villager":2,"minecraft:iron_golem":1,"minecraft:creeper":8,"minecraft:sheep":15,"minecraft:pillager":18,"minecraft:goat":1,"minecraft:zombie":92,"minecraft:stray":1,"minecraft:glow_squid":1,"minecraft:cow":11,"minecraft:vindicator":3,"minecraft:phantom":12,"iceandfire:fire_dragon":1,"graveyard:ghoul":2,"minecraft:ravager":2,"iceandfire:ghost":4,"minecraft:player":16,"minecraft:enderman":4}},"DataVersion":3465}