{"stats":{"minecraft:picked_up":{"minecraft:iron_chestplate":5,"minecraft:wheat":200,"artifacts:bunny_hoppers":1,"soulsweapons:moonstone":42,"artifacts:chorus_totem":1,"travelersbackpack:spider":2,"minecraft:wither_rose":2,"minecraft:stone_brick_stairs":3,"minecraft:stray_spawn_egg":1,"iceandfire:manuscript":11,"minecraft:music_disc_cat":1,"minecraft:string":27,"minecraft:raw_copper":840,"minecraft:iron_leggings":4,"minecraft:gold_nugget":744,"minecraft:cobbled_deepslate":293,"bosses_of_mass_destruction:soul_star":4,"minecraft:spruce_planks":1,"minecraft:written_book":1,"minecraft:smooth_quartz":4,"minecraft:coal_block":2,"minecraft:iron_boots":3,"minecraft:furnace":6,"minecraft:stick":69,"minecraft:jukebox":2,"vinurl:custom_record":2,"iceandfire:armor_copper_metal_leggings":1,"minecraft:torch":34,"uncraftingtable76:uncraftingtable":1,"minecraft:porkchop":81,"minecraft:golden_axe":1,"minecraft:honeycomb_block":3,"minecraft:pointed_dripstone":64,"minecraft:diorite":6,"minecraft:vine":30,"minecraft:goat_horn":1,"minecraft:zombie_spawn_egg":5,"minecraft:phantom_spawn_egg":2,"minecraft:stone_sword":1,"minecraft:rotten_flesh":119,"iceandfire:fire_dragon_heart":1,"minecraft:deepslate_brick_stairs":2,"minecraft:obsidian":19,"minecraft:cobblestone":926,"minecraft:birch_log":43,"minecraft:pink_petals":97,"minecraft:feather":10,"minecraft:iron_door":2,"minecraft:andesite":46,"minecraft:brown_wool":2,"minecraft:chiseled_quartz_block":1,"minecraft:potato":84,"minecraft:tuff":10,"minecraft:wither_skeleton_skull":1,"artifacts:pickaxe_heater":1,"minecraft:lapis_lazuli":171,"minecraft:glow_squid_spawn_egg":1,"minecraft:dirt":943,"minecraft:zombie_villager_spawn_egg":1,"minecraft:bone":72,"minecraft:bow":4,"minecraft:stonecutter":3,"minecraft:wheat_seeds":486,"minecraft:cobbled_deepslate_wall":1,"minecraft:deepslate_brick_slab":5,"minecraft:raw_gold":82,"minecraft:cobbled_deepslate_slab":15,"minecraft:rabbit":2,"minecraft:bamboo":30,"tacz:gun_smith_table":1,"minecraft:moss_block":2,"minecraft:oak_planks":4,"minecraft:ghast_tear":1,"iceandfire:pixie_house_birch":1,"iceandfire:dragon_skull_fire":5,"minecraft:shulker_box":2,"minecraft:mossy_cobblestone":1,"minecraft:skeleton_spawn_egg":4,"minecraft:light_gray_concrete":2,"minecraft:sugar":2,"minecraft:diamond":37,"minecraft:soul_lantern":6,"minecraft:grass":4,"minecraft:crossbow":3,"minecraft:granite":41,"minecraft:golden_apple":1,"soulsweapons:verglas":23,"minecraft:emerald":30,"minecraft:oak_sapling":129,"iceandfire:raw_silver":29,"minecraft:diamond_pickaxe":2,"iceandfire:dragon_skull_lightning":1,"minecraft:charcoal":2,"minecraft:coarse_dirt":1,"minecraft:crafting_table":7,"minecraft:azure_bluet":103,"minecraft:chicken":1,"iceandfire:witherbone":4,"iceandfire:pixie_house_oak":6,"iceandfire:fire_lily":3,"minecraft:gold_block":1,"the_bumblezone:music_disc_a_last_first_last":1,"minecraft:spider_spawn_egg":2,"minecraft:shield":1,"minecraft:moss_carpet":10,"tacz:ammo":285,"soulsweapons:sting":1,"graveyard:corruption":5,"deeperdarker:warden_carapace":2,"minecraft:beef":23,"sawmill:sawmill":3,"fleshz:hide":11,"minecraft:poppy":177,"minecraft:sugar_cane":8,"minecraft:chest":2,"minecraft:birch_sapling":28,"minecraft:phantom_membrane":3,"minecraft:raw_copper_block":4,"minecraft:egg":1,"minecraft:raw_iron":213,"iceandfire:dragonbone":58,"iceandfire:dragonscales_gray":10,"minecraft:copper_ingot":5,"minecraft:stone_button":5,"minecraft:carrot":505,"minecraft:redstone":91,"iceandfire:dragon_skull_ice":1,"iceandfire:silver_ingot":2,"minecraft:arrow":57,"minecraft:peony":11,"minecraft:deepslate_bricks":4,"minecraft:hay_block":54,"minecraft:saddle":1,"minecraft:gold_ingot":119,"artifacts:pocket_piston":1,"minecraft:mutton":12,"minecraft:skeleton_skull":2,"minecraft:white_wool":23,"minecraft:dark_oak_button":5,"minecraft:glow_ink_sac":18,"minecraft:leather":4,"minecraft:birch_planks":1,"yigd:grave":1,"minecraft:oak_log":194,"iceandfire:ectoplasm":6,"iceandfire:armor_copper_metal_helmet":1,"minecraft:gunpowder":25,"minecraft:golden_boots":1,"minecraft:yellow_bed":2,"minecraft:cobbled_deepslate_stairs":3,"artifacts:cloud_in_a_bottle":1,"minecraft:white_banner":8,"iceandfire:pixie_house_mushroom_red":2,"minecraft:apple":10,"minecraft:gray_carpet":1,"minecraft:rabbit_hide":1,"minecraft:iron_ingot":18,"minecraft:cobweb":3,"artifacts:steadfast_spikes":1,"iceandfire:fire_dragon_flesh":7,"minecraft:book":10,"minecraft:dark_oak_slab":1,"minecraft:pumpkin":24,"minecraft:stone_brick_slab":7,"minecraft:dripstone_block":10,"minecraft:gravel":6,"minecraft:blast_furnace":2,"minecraft:white_bed":3,"graveyard:middle_bone_staff":1,"minecraft:spider_eye":2,"travelersbackpack:standard":3,"iceandfire:silver_pickaxe":1,"minecraft:purple_bed":4,"minecraft:slime_ball":1,"iceandfire:pixie_house_spruce":4,"tacz:modern_kinetic_gun":4,"minecraft:honey_block":2,"minecraft:iron_helmet":2,"minecraft:damaged_anvil":3,"minecraft:coal":341,"minecraft:ender_pearl":4},"minecraft:mined":{"minecraft:dark_oak_planks":7,"minecraft:red_nether_brick_slab":4,"minecraft:waxed_cut_copper_slab":1,"minerally:deepslate_emerald_crystal_0":6,"minerally:deepslate_gold_pile_0":4,"minerally:diamond_crystal":1,"minerally:deepslate_gold_pile_1":4,"minecraft:spruce_planks":1,"minecraft:white_bed":3,"minerally:deepslate_emerald_crystal_1":6,"iceandfire:graveyard_soil":1,"minecraft:farmland":4,"minerally:copper_rock":3,"minerally:deepslate_diamond_crystal_0":3,"minecraft:cobbled_deepslate_stairs":9,"minecraft:sculk_vein":3,"minecraft:red_nether_bricks":1,"minecraft:obsidian":19,"minecraft:granite":43,"minecraft:grass_block":716,"minecraft:brown_wool":1,"minerally:coal_pile_0":1,"iceandfire:pixie_house_oak":6,"minecraft:coal_block":2,"minecraft:deepslate_bricks":3,"tacz:gun_smith_table":1,"minecraft:spawner":6,"minerally:deepslate_copper_pile_0":3,"minecraft:sculk_catalyst":2,"minecraft:iron_ore":149,"minecraft:fire":38,"minecraft:cobbled_deepslate":17,"minerally:coal_rock":3,"minecraft:pumpkin":13,"minecraft:deepslate_lapis_ore":9,"minecraft:stripped_dark_oak_wood":1,"minecraft:azure_bluet":29,"minecraft:sculk_shrieker":3,"minecraft:pointed_dripstone":55,"minerally:deepslate_coal_pile_0":2,"iceandfire:gold_pile":91,"minecraft:dirt_path":1,"minecraft:deepslate_brick_stairs":8,"minerally:coal_pile_1":1,"minecraft:light_gray_concrete":2,"minerally:diamond_rock":1,"iceandfire:pixie_house_spruce":4,"minerally:deepslate_diamond_crystal_1":3,"minecraft:stripped_mangrove_wood":1,"minecraft:tripwire":3,"minerally:deepslate_redstone_pile_0":1,"minecraft:deepslate_redstone_ore":12,"minerally:deepslate_redstone_pile":1,"graveyard:middle_bone_staff":1,"soulsweapons:verglas_ore_deepslate":12,"minecraft:deepslate_tile_slab":1,"minecraft:soul_lantern":4,"minecraft:powder_snow":4,"soulsweapons:moonstone_ore":6,"minecraft:torch":16,"minecraft:blast_furnace":2,"minecraft:poppy":45,"minecraft:calcite":2,"minerally:deepslate_coal_pile_1":1,"iceandfire:ghost_chest":1,"minecraft:chest":2,"minerally:deepslate_emerald_crystal":6,"minerally:deepslate_copper_pile":3,"iceandfire:fire_lily":2,"minecraft:honeycomb_block":3,"minecraft:cobblestone":46,"minecraft:sugar_cane":5,"minecraft:damaged_anvil":3,"minecraft:oak_planks":3,"minecraft:iron_door":3,"minecraft:wall_torch":12,"minecraft:deepslate_copper_ore":28,"minecraft:skeleton_skull":2,"minerally:deepslate_geode":2,"minecraft:dark_oak_slab":1,"minecraft:wheat":65,"minecraft:birch_log":41,"minecraft:jukebox":2,"minecraft:stone_brick_stairs":1,"minecraft:wither_rose":2,"minecraft:grass":383,"minecraft:oak_log":199,"minecraft:dirt":150,"minecraft:smooth_quartz":4,"minerally:deepslate_copper_pile_1":3,"minerally:gold_pile":3,"minecraft:raw_copper_block":4,"minecraft:stonecutter":3,"minecraft:deepslate":315,"minecraft:infested_deepslate":2,"minecraft:oak_leaves":17,"soulsweapons:verglas_ore":10,"minecraft:tuff":25,"iceandfire:silver_ore":27,"minecraft:mossy_cobblestone":3,"minecraft:deepslate_diamond_ore":13,"iceandfire:pixie_house_birch":1,"minecraft:shulker_box":2,"minecraft:cobbled_deepslate_slab":15,"minecraft:glow_lichen":1,"minecraft:stone_button":6,"sawmill:sawmill":3,"uncraftingtable76:uncraftingtable":1,"iceandfire:deepslate_silver_ore":4,"minerally:deepslate_iron_pile_1":2,"minecraft:mangrove_trapdoor":1,"minecraft:spruce_leaves":1,"minecraft:moss_block":1,"minerally:deepslate_lapis_pile_0":3,"minecraft:large_fern":1,"minecraft:hay_block":49,"minerally:deepslate_lapis_pile":3,"minecraft:deepslate_brick_slab":12,"minerally:deepslate_diamond_crystal":3,"minecraft:furnace":6,"minecraft:carrots":28,"minerally:copper_pile":1,"minecraft:andesite":35,"iceandfire:chared_gravel":1,"minecraft:peony":11,"minecraft:gold_block":1,"minerally:deepslate_iron_pile":2,"minerally:deepslate_iron_pile_0":2,"soulsweapons:moonstone_ore_deepslate":42,"minecraft:deepslate_iron_ore":25,"minerally:deepslate_gold_pile":4,"minecraft:vine":33,"minerally:copper_pile_0":1,"minecraft:smooth_quartz_stairs":2,"minecraft:bamboo":15,"minecraft:stone":867,"travelersbackpack:spider":1,"minecraft:white_wool":2,"minecraft:podzol":2,"minerally:coal_pile":1,"minerally:gold_pile_1":2,"minecraft:stone_brick_slab":3,"minecraft:crafting_table":7,"minecraft:cobbled_deepslate_wall":1,"minerally:diamond_crystal_0":1,"minecraft:honey_block":4,"minecraft:emerald_ore":5,"yigd:grave":1,"minecraft:sculk_sensor":10,"minecraft:copper_ore":168,"minecraft:tall_grass":40,"minerally:gold_pile_0":3,"minerally:copper_pile_1":1,"minecraft:lapis_ore":16,"minecraft:deepslate_gold_ore":60,"minecraft:sculk":111,"minerally:lapis_rock":5,"minecraft:diorite":16,"minecraft:birch_planks":1,"minecraft:purple_bed":3,"minerally:gold_rock":2,"minecraft:coarse_dirt":1,"minerally:iron_rock":5,"iceandfire:pixie_house_mushroom_red":2,"minerally:deepslate_coal_pile":2,"minerally:emerald_rock":6,"minecraft:yellow_bed":2,"minecraft:mangrove_slab":2,"minecraft:coal_ore":208,"minecraft:dark_oak_button":3,"minecraft:gravel":22,"minecraft:dripstone_block":9,"minecraft:cobweb":12,"minecraft:gold_ore":2,"minerally:diamond_crystal_1":1,"minerally:deepslate_lapis_pile_1":3,"minecraft:fern":1},"minecraft:dropped":{"minecraft:moss_block":2,"minecraft:porkchop":16,"minecraft:lapis_lazuli":73,"minecraft:diamond":25,"minecraft:cooked_porkchop":3,"minecraft:dark_oak_slab":3,"minecraft:crossbow":2,"artifacts:cloud_in_a_bottle":1,"iceandfire:ectoplasm":6,"travelersbackpack:standard":3,"artifacts:universal_attractor":1,"minecraft:elytra":1,"graveyard:corruption":1,"minecraft:dirt":24,"minecraft:stone_button":6,"minecraft:dark_oak_fence":1,"minecraft:mutton":1,"minecraft:gold_nugget":812,"minecraft:dark_oak_planks":1,"minecraft:white_wool":8,"minecraft:oak_door":2,"minecraft:goat_horn":1,"minecraft:cobbled_deepslate":62,"minecraft:wheat":1,"minecraft:rotten_flesh":15,"minecraft:oak_planks":6,"minecraft:azure_bluet":3,"minecraft:poppy":64,"minecraft:gunpowder":18,"minecraft:skeleton_skull":1,"minecraft:charcoal":4,"minecraft:quartz_block":128,"minecraft:arrow":9,"minecraft:stone_brick_stairs":2,"minecraft:written_book":1,"iceandfire:silver_pickaxe":1,"iceandfire:manuscript":11,"minecraft:egg":2,"minecraft:bread":7,"minecraft:golden_boots":1,"minecraft:iron_ingot":28,"minecraft:oak_slab":3,"minecraft:wheat_seeds":24,"minecraft:mossy_cobblestone":1,"minecraft:dripstone_block":8,"minecraft:cobbled_deepslate_wall":6,"minecraft:oak_fence":2,"minecraft:golden_axe":1,"minecraft:iron_helmet":3,"minecraft:cobblestone":84,"minecraft:book":4,"minecraft:copper_ingot":6,"minecraft:golden_apple":5,"minecraft:stick":5,"minecraft:cobweb":3,"minecraft:diorite":7,"soulsweapons:guts_sword":1,"minecraft:iron_leggings":7,"tacz:modern_kinetic_gun":2,"minecraft:pumpkin":12,"minecraft:white_banner":4,"minecraft:string":6,"minecraft:music_disc_cat":1,"artifacts:bunny_hoppers":1,"minecraft:dandelion":2,"minecraft:stone_brick_slab":5,"minecraft:redstone":56,"minecraft:moss_carpet":10,"yigd:grave":1,"minecraft:oak_trapdoor":1,"minecraft:stone_sword":2,"minecraft:raw_copper":479,"minecraft:jukebox":2,"minecraft:tuff":10,"minecraft:raw_iron":18,"vinurl:custom_record":2,"soulsweapons:sting":2,"minecraft:iron_boots":7,"minecraft:cobbled_deepslate_slab":15,"minecraft:skeleton_spawn_egg":1,"minecraft:polished_deepslate_stairs":1,"minecraft:shulker_box":1,"minecraft:pumpkin_seeds":4,"minecraft:blast_furnace":1,"minecraft:deepslate_bricks":4,"minecraft:filled_map":1,"minecraft:hay_block":14,"minecraft:shield":1,"minecraft:iron_chestplate":7,"minecraft:diamond_pickaxe":2,"minecraft:andesite":35,"artifacts:steadfast_spikes":1,"iceandfire:silver_ingot":2,"artifacts:pocket_piston":2,"minecraft:oak_sapling":51,"minecraft:spider_eye":1,"tacz:ammo":449,"minecraft:sandstone":4,"iceandfire:fire_dragon_heart":1,"minecraft:bow":1,"minecraft:raw_gold":28,"minecraft:wooden_pickaxe":1,"iceandfire:dragonbone_sword_lightning":1,"minecraft:glow_squid_spawn_egg":1},"minecraft:killed_by":{"minecraft:wither_skeleton":1,"minecraft:ravager":1,"minecraft:zoglin":1,"graveyard:skeleton_creeper":1,"minecraft:vindicator":1,"minecraft:cave_spider":1,"minecraft:zombie":7,"iceandfire:fire_dragon":3,"minecraft:player":1,"minecraft:spider":3,"minecraft:enderman":2,"bosses_of_mass_destruction:void_blossom":5,"minecraft:warden":1,"minecraft:skeleton":5,"iceandfire:ghost":3},"minecraft:used":{"minecraft:iron_shovel":687,"minecraft:elytra":2,"iceandfire:dragon_skull_ice":1,"minecraft:poppy":3,"minecraft:shield":47,"minecraft:chest":15,"the_bumblezone:music_disc_a_last_first_last":1,"minecraft:iron_sword":300,"minecraft:zombie_spawn_egg":9,"minecraft:rotten_flesh":23,"minecraft:iron_chestplate":1,"minecraft:birch_pressure_plate":6,"minecraft:mutton":6,"minecraft:carrot":174,"minecraft:azure_bluet":2,"minecraft:obsidian":33,"minecraft:grass_block":19,"minecraft:lava_bucket":3,"minecraft:iron_helmet":2,"minecraft:dark_oak_slab":1,"minecraft:dark_oak_button":11,"minecraft:stone_brick_stairs":1,"minecraft:bow":47,"minecraft:written_book":1,"minecraft:furnace":8,"minecraft:potato":50,"travelersbackpack:spider":6,"minecraft:diorite":1,"minecraft:damaged_anvil":3,"minecraft:stone_pickaxe":47,"minecraft:gray_carpet":1,"minecraft:sugar_cane":11,"minecraft:diamond_axe":471,"minecraft:ender_pearl":3,"minecraft:wooden_pickaxe":38,"iceandfire:pixie_house_oak":2,"minecraft:golden_apple":5,"minecraft:white_wool":3,"minecraft:blast_furnace":1,"minecraft:crossbow":1,"iceandfire:dragonbone_sword_lightning":8,"minecraft:chiseled_quartz_block":1,"minecraft:dripstone_block":2,"minecraft:shears":36,"minecraft:deepslate_brick_stairs":1,"iceandfire:silver_pickaxe":1067,"minecraft:firework_rocket":43,"minecraft:bread":112,"minecraft:light_gray_concrete":2,"minecraft:brown_wool":1,"minecraft:stone_button":6,"minecraft:iron_door":10,"minecraft:gravel":1,"minecraft:soul_lantern":4,"minecraft:diamond_sword":261,"iceandfire:pixie_house_mushroom_red":1,"minecraft:oak_fence":1,"soulsweapons:sting":386,"minecraft:oak_trapdoor":1,"minecraft:bone_meal":177,"minecraft:enchanting_table":1,"minecraft:stone_sword":17,"minecraft:flint_and_steel":49,"minecraft:spruce_planks":1,"tacz:gun_smith_table":2,"minecraft:torch":121,"minecraft:dirt":2925,"minecraft:shulker_box":2,"minecraft:golden_shovel":32,"minecraft:iron_hoe":385,"minecraft:stone_brick_slab":2,"minecraft:iron_axe":199,"soulsweapons:guts_sword":525,"minecraft:iron_boots":1,"minecraft:smooth_quartz":4,"minecraft:totem_of_undying":1,"minecraft:raw_copper_block":4,"minecraft:golden_carrot":14,"iceandfire:dragonbone_pickaxe":19,"minecraft:cobbled_deepslate":42,"minecraft:iron_leggings":1,"minecraft:cobbled_deepslate_wall":1,"minecraft:wheat_seeds":138,"minecraft:cooked_mutton":4,"minecraft:water_bucket":183,"iceandfire:pixie_house_spruce":1,"minecraft:birch_planks":1,"minecraft:stonecutter":4,"minecraft:vine":32,"vinurl:custom_record":2,"minecraft:tnt":1,"minecraft:crafting_table":10,"minecraft:white_bed":4,"minecraft:phantom_spawn_egg":1,"minecraft:smoker":3,"minecraft:oak_log":2,"minecraft:diamond_pickaxe":1458,"minecraft:apple":6,"sawmill:sawmill":4,"travelersbackpack:standard":2,"minecraft:purple_bed":4,"minecraft:porkchop":1,"minecraft:cobblestone":361,"fleshz:wood_rack":13,"minecraft:cooked_porkchop":108,"minecraft:bucket":188,"minecraft:yellow_bed":1,"minecraft:jukebox":3,"uncraftingtable76:uncraftingtable":2},"minecraft:crafted":{"minecraft:oak_planks":92,"minecraft:cactus":3,"hangglider:hang_glider":1,"minecraft:chain":2,"minecraft:stone":51,"the_bumblezone:music_disc_a_last_first_last":1,"minecraft:cooked_mutton":4,"minecraft:bow":1,"fleshz:wood_rack":13,"minecraft:diamond_helmet":3,"minecraft:diamond_leggings":2,"minecraft:iron_boots":5,"minecraft:iron_door":6,"minecraft:chest":13,"minecraft:oak_fence":3,"uncraftingtable76:uncraftingtable":1,"minecraft:smoker":2,"minecraft:oak_slab":42,"minecraft:cooked_porkchop":47,"minecraft:iron_helmet":4,"minecraft:wooden_pickaxe":1,"minecraft:birch_pressure_plate":6,"minecraft:cobbled_deepslate_wall":6,"minecraft:copper_ingot":503,"minecraft:purple_dye":3,"minecraft:dark_oak_slab":6,"minecraft:iron_chestplate":4,"minecraft:diamond_pickaxe":2,"torchesntrinkets:lantern_belt":1,"minecraft:shield":2,"minecraft:stick":32,"minecraft:iron_ingot":247,"minecraft:iron_block":7,"minecraft:gold_ingot":82,"torchesntrinkets:soul_lantern_belt":1,"sawmill:sawmill":1,"minecraft:golden_carrot":40,"hangglider:glider_framework":1,"soulsweapons:guts_sword":1,"minecraft:jukebox":1,"minecraft:iron_nugget":18,"minecraft:furnace":4,"minecraft:sugar_cane":3,"hangglider:glider_wing":2,"minecraft:vine":2,"minecraft:flint_and_steel":2,"minecraft:oak_trapdoor":2,"minecraft:lantern":1,"minecraft:dark_oak_fence":3,"minecraft:iron_axe":1,"minecraft:iron_hoe":3,"minecraft:stone_pickaxe":1,"minecraft:diamond_boots":2,"minecraft:dark_oak_planks":44,"minecraft:lead":2,"minecraft:wheat":192,"minecraft:diamond_sword":1,"iceandfire:silver_ingot":20,"minecraft:enchanting_table":1,"minecraft:iron_sword":1,"tacz:gun_smith_table":1,"minecraft:lily_pad":10,"minecraft:bucket":3,"minecraft:orange_dye":3,"iceandfire:dragonbone_pickaxe":1,"minecraft:bread":159,"minecraft:air":0,"minecraft:golden_apple":12,"minecraft:gold_nugget":324,"minecraft:iron_shovel":2,"minecraft:iron_leggings":4,"soulsweapons:sting":1,"minecraft:torch":24,"iceandfire:silver_pickaxe":4,"minecraft:diamond_chestplate":2},"minecraft:broken":{"minecraft:iron_shovel":2,"minecraft:diamond_helmet":1,"minecraft:iron_boots":1,"minecraft:iron_chestplate":1,"minecraft:golden_shovel":1,"iceandfire:silver_pickaxe":1,"minecraft:iron_hoe":3,"minecraft:iron_helmet":3},"minecraft:killed":{"minecraft:cave_spider":2,"iceandfire:hippogryph":2,"minecraft:witch":2,"graveyard:skeleton_creeper":2,"minecraft:spider":20,"minecraft:skeleton":75,"minecraft:guardian":1,"artifacts:mimic":2,"minecraft:wolf":1,"minecraft:pig":25,"minecraft:zombie_villager":2,"minecraft:iron_golem":1,"minecraft:creeper":18,"minecraft:sheep":16,"minecraft:pillager":20,"minecraft:goat":1,"minecraft:zombie":114,"minecraft:ghast":3,"minecraft:stray":1,"minecraft:glow_squid":1,"minecraft:cow":11,"minecraft:vindicator":3,"minecraft:phantom":24,"iceandfire:fire_dragon":1,"graveyard:ghoul":2,"minecraft:ravager":2,"iceandfire:ghost":4,"minecraft:wither_skeleton":9,"minecraft:player":16,"minecraft:enderman":5},"minecraft:custom":{"minecraft:interact_with_crafting_table":108,"minecraft:open_barrel":32,"minecraft:open_shulker_box":2,"minecraft:bell_ring":82,"minecraft:leave_game":15,"minecraft:time_since_death":168982,"minecraft:sprint_one_cm":1334390,"minecraft:damage_blocked_by_shield":2115,"minecraft:drop":256,"minecraft:talked_to_villager":6,"minecraft:play_time":1100640,"minecraft:deaths":38,"minecraft:jump":10021,"minecraft:walk_on_water_one_cm":72849,"minecraft:interact_with_furnace":148,"minecraft:play_record":3,"minecraft:traded_with_villager":16,"minecraft:interact_with_cartography_table":2,"minecraft:sleep_in_bed":7,"minecraft:damage_dealt":72383,"minecraft:player_kills":16,"minecraft:crouch_one_cm":224567,"minecraft:interact_with_smoker":20,"minecraft:interact_with_anvil":13,"minecraft:mob_kills":381,"minecraft:damage_dealt_resisted":387,"minecraft:climb_one_cm":17523,"minecraft:walk_one_cm":1745017,"minecraft:raid_win":2,"minecraft:sneak_time":58939,"minecraft:walk_under_water_one_cm":35007,"minecraft:interact_with_blast_furnace":97,"minecraft:total_world_time":1100640,"minecraft:tune_noteblock":1,"minecraft:raid_trigger":2,"minecraft:interact_with_stonecutter":1,"minecraft:time_since_rest":99806,"minecraft:damage_absorbed":196,"minecraft:damage_taken":28507,"minecraft:trigger_trapped_chest":2,"minecraft:swim_one_cm":68543,"minecraft:fly_one_cm":5052402,"minecraft:open_chest":636,"minecraft:aviate_one_cm":548466,"minecraft:fall_one_cm":1540587}},"DataVersion":3465}