{"stats":{"minecraft:broken":{"minecraft:wooden_pickaxe":1},"minecraft:crafted":{"minecraft:oak_planks":28,"minecraft:crafting_table":2,"minecraft:stick":48,"minecraft:wooden_pickaxe":1,"minecraft:stone_pickaxe":1,"minecraft:wooden_axe":2},"minecraft:used":{"minecraft:cooked_mutton":2,"minecraft:wooden_axe":15,"minecraft:stone_sword":9,"minecraft:stone_pickaxe":72,"minecraft:wooden_pickaxe":54,"minecraft:iron_sword":1,"minecraft:soul_sand":1,"minecraft:crafting_table":2,"minecraft:oak_wood":1,"minecraft:potato":5},"minecraft:custom":{"minecraft:time_since_rest":10617,"minecraft:sprint_one_cm":155182,"minecraft:damage_taken":1857,"minecraft:walk_one_cm":115321,"minecraft:mob_kills":8,"minecraft:drop":5,"minecraft:damage_dealt":1362,"minecraft:interact_with_crafting_table":8,"minecraft:fly_one_cm":63497,"minecraft:open_barrel":4,"minecraft:open_chest":12,"minecraft:crouch_one_cm":8453,"minecraft:play_time":36450,"minecraft:deaths":6,"minecraft:sneak_time":1500,"minecraft:jump":325,"minecraft:time_since_death":10473,"minecraft:walk_on_water_one_cm":131,"minecraft:total_world_time":36450,"minecraft:fall_one_cm":8972},"minecraft:killed":{"minecraft:sheep":4,"minecraft:pillager":4},"minecraft:killed_by":{"minecraft:player":2,"minecraft:creeper":1,"minecraft:spider":1,"minecraft:pillager":1},"minecraft:mined":{"minecraft:large_fern":2,"minecraft:purple_bed":1,"minecraft:soul_sand":1,"minecraft:cornflower":1,"minecraft:crafting_table":2,"minecraft:glow_lichen":2,"minecraft:grass":16,"minecraft:coal_ore":8,"minecraft:oak_wood":1,"minecraft:grass_block":6,"minecraft:oak_log":11,"minecraft:campfire":1,"graveyard:leaning_skeleton":1,"minecraft:dirt":8,"iceandfire:fire_lily":1,"minecraft:tall_grass":2,"minecraft:stone":101,"minecraft:moss_block":1},"minecraft:dropped":{"minecraft:dirt":2,"minecraft:moss_block":1,"minecraft:iron_leggings":1,"iceandfire:fire_lily":1},"minecraft:picked_up":{"minecraft:charcoal":2,"minecraft:stick":6,"minecraft:crafting_table":2,"iceandfire:fire_lily":1,"minecraft:oak_log":11,"minecraft:iron_leggings":1,"minecraft:cornflower":1,"minecraft:dirt":21,"minecraft:cooked_mutton":3,"minecraft:oak_wood":2,"minecraft:bone":4,"minecraft:purple_bed":1,"minecraft:apple":1,"minecraft:wheat_seeds":3,"minecraft:gray_wool":2,"minecraft:spruce_sign":1,"minecraft:light_gray_wool":1,"minecraft:oak_sapling":9,"minecraft:moss_block":2,"minecraft:mutton":6,"minecraft:coal":8,"minecraft:soul_sand":1,"minecraft:white_wool":1,"minecraft:cobblestone":100}},"DataVersion":3465}