{"stats":{"minecraft:dropped":{"minecraft:iron_sword":1,"minecraft:moss_block":1,"minecraft:porkchop":2,"minecraft:cooked_beef":1,"minecraft:ender_pearl":1,"minecraft:diamond":6,"minecraft:crossbow":1,"minecraft:chest_minecart":1,"iceandfire:ectoplasm":6,"artifacts:universal_attractor":1,"minecraft:rail":4,"minecraft:sentry_armor_trim_smithing_template":1,"minecraft:emerald":2,"minecraft:flint":4,"minecraft:zombie_villager_spawn_egg":1,"minecraft:dirt":2,"minecraft:mutton":5,"minecraft:sand":4,"minecraft:dark_oak_planks":22,"minecraft:white_wool":20,"minecraft:oak_door":1,"minecraft:gravel":25,"minecraft:detector_rail":3,"minecraft:cobbled_deepslate":1,"minecraft:soul_lantern":1,"fleshz:hide":4,"minecraft:rotten_flesh":18,"minecraft:oak_planks":1,"iceandfire:fire_lily":1,"minecraft:azure_bluet":2,"minecraft:poppy":2,"iceandfire:ghost_chest":1,"minecraft:gunpowder":5,"minecraft:beetroot_seeds":4,"minecraft:powered_rail":1,"minecraft:beef":7,"iceandfire:armor_copper_metal_leggings":1,"iceandfire:manuscript":11,"iceandfire:silver_pickaxe":2,"minecraft:egg":2,"minecraft:enchanted_book":1,"minecraft:golden_boots":1,"minecraft:wheat_seeds":12,"minecraft:dripstone_block":1,"minecraft:iron_helmet":2,"minecraft:cobblestone":67,"minecraft:book":6,"minecraft:granite":19,"minecraft:copper_ingot":13,"minecraft:coal":4,"soulsweapons:holy_greatsword":2,"minecraft:cobweb":3,"minecraft:gray_wool":4,"minecraft:diorite":18,"minecraft:iron_trapdoor":1,"minecraft:torch":1,"minecraft:smooth_quartz":5,"minecraft:iron_leggings":5,"tacz:modern_kinetic_gun":1,"minecraft:gray_carpet":2,"minecraft:redstone":13,"minecraft:stone_sword":4,"minecraft:sticky_piston":3,"minecraft:tuff":2,"minecraft:stone_shovel":1,"minecraft:raw_iron":9,"minecraft:light_gray_wool":2,"minecraft:iron_boots":1,"iceandfire:armor_copper_metal_helmet":1,"minecraft:skeleton_spawn_egg":2,"minecraft:pumpkin_seeds":14,"minecraft:filled_map":1,"minecraft:stone":14,"minecraft:shield":2,"iceandfire:copper_sword":1,"minecraft:iron_chestplate":4,"minecraft:diamond_pickaxe":1,"minecraft:andesite":3,"artifacts:steadfast_spikes":1,"minecraft:golden_leggings":1,"minecraft:wooden_shovel":1,"minecraft:spider_eye":1},"minecraft:picked_up":{"minecraft:iron_chestplate":2,"minecraft:iron_trapdoor":2,"iceandfire:copper_sword":1,"minecraft:sentry_armor_trim_smithing_template":1,"soulsweapons:moonstone":7,"minecraft:enchanted_book":1,"iceandfire:manuscript":22,"minecraft:string":10,"minecraft:raw_copper":18,"minecraft:waxed_cut_copper_slab":1,"minecraft:iron_leggings":2,"minecraft:cobbled_deepslate":83,"minecraft:spruce_planks":3,"minecraft:smooth_quartz":10,"minecraft:iron_boots":1,"minecraft:stick":8,"artifacts:universal_attractor":1,"iceandfire:ghost_chest":1,"iceandfire:armor_copper_metal_leggings":1,"minecraft:polished_deepslate_stairs":1,"minecraft:torch":6,"deeperdarker:heart_of_the_deep":1,"minecraft:porkchop":22,"minecraft:pointed_dripstone":23,"minecraft:diorite":20,"minecraft:stone_sword":3,"minecraft:rotten_flesh":18,"minecraft:cobblestone":488,"minecraft:magma_block":6,"minecraft:feather":4,"minecraft:cooked_beef":8,"minecraft:andesite":16,"minecraft:brown_wool":1,"minecraft:flint":4,"minecraft:tuff":9,"minecraft:dirt":108,"minecraft:zombie_villager_spawn_egg":1,"minecraft:bone":30,"minecraft:stonecutter":1,"minecraft:wheat_seeds":17,"minecraft:raw_gold":8,"minecraft:powered_rail":1,"minecraft:moss_block":2,"minecraft:oak_planks":1,"minecraft:cooked_porkchop":3,"minecraft:sand":113,"minecraft:skeleton_spawn_egg":2,"minecraft:diamond":6,"minecraft:soul_lantern":2,"minecraft:granite":44,"minecraft:golden_apple":4,"minecraft:bread":7,"soulsweapons:verglas":2,"minecraft:spruce_sign":1,"minecraft:emerald":6,"minecraft:oak_sapling":9,"iceandfire:raw_silver":3,"minecraft:diamond_pickaxe":1,"minecraft:charcoal":2,"minecraft:crafting_table":4,"minecraft:azure_bluet":3,"minecraft:chicken":5,"minecraft:chest_minecart":2,"iceandfire:fire_lily":1,"minecraft:cornflower":1,"minecraft:detector_rail":3,"minecraft:beef":23,"fleshz:hide":13,"minecraft:poppy":2,"minecraft:light_gray_wool":3,"minecraft:egg":3,"minecraft:raw_iron":46,"minecraft:stone":7,"minecraft:oak_door":1,"minecraft:copper_ingot":13,"minecraft:redstone":26,"minecraft:dark_oak_planks":6,"minecraft:arrow":27,"minecraft:beetroot_seeds":6,"artifacts:pocket_piston":1,"minecraft:saddle":1,"minecraft:gold_ingot":4,"minecraft:glow_berries":7,"minecraft:mutton":62,"minecraft:white_wool":47,"minecraft:rail":23,"minecraft:glow_ink_sac":3,"minecraft:oak_log":11,"minecraft:chainmail_chestplate":1,"iceandfire:ectoplasm":12,"minecraft:gunpowder":5,"iceandfire:armor_copper_metal_helmet":1,"minecraft:cooked_mutton":9,"minecraft:apple":1,"minecraft:gray_carpet":2,"minecraft:cobweb":3,"artifacts:steadfast_spikes":1,"minecraft:glass_bottle":1,"minecraft:soul_sand":1,"minecraft:book":3,"soulsweapons:holy_greatsword":1,"minecraft:dandelion":2,"minecraft:dripstone_block":1,"minecraft:gravel":46,"minecraft:white_bed":3,"minecraft:spider_eye":2,"minecraft:oak_wood":2,"iceandfire:silver_pickaxe":1,"minecraft:pumpkin_seeds":14,"minecraft:purple_bed":2,"tacz:modern_kinetic_gun":1,"minecraft:chainmail_leggings":1,"minecraft:iron_helmet":1,"minecraft:gray_wool":8,"minecraft:baked_potato":4,"minecraft:black_wool":1,"minecraft:coal":23,"minecraft:ender_pearl":2},"minecraft:killed_by":{"minecraft:creeper":1,"minecraft:pillager":1,"minecraft:silverfish":1,"minecraft:zombie":11,"minecraft:player":6,"minecraft:spider":4,"minecraft:enderman":1,"minecraft:warden":4,"minecraft:skeleton":7,"iceandfire:ghost":2},"minecraft:custom":{"minecraft:interact_with_crafting_table":44,"minecraft:open_barrel":14,"minecraft:leave_game":5,"minecraft:time_since_death":5348,"minecraft:sprint_one_cm":829054,"minecraft:damage_blocked_by_shield":6763,"minecraft:drop":137,"minecraft:play_time":433918,"minecraft:deaths":43,"minecraft:jump":3489,"minecraft:walk_on_water_one_cm":30298,"minecraft:interact_with_furnace":30,"minecraft:sleep_in_bed":7,"minecraft:damage_dealt":22319,"minecraft:player_kills":2,"minecraft:crouch_one_cm":38903,"minecraft:interact_with_smoker":29,"minecraft:inspect_dispenser":2,"minecraft:mob_kills":118,"minecraft:interact_with_anvil":11,"minecraft:interact_with_campfire":8,"minecraft:climb_one_cm":9995,"minecraft:walk_one_cm":1543940,"minecraft:sneak_time":9084,"minecraft:walk_under_water_one_cm":12659,"minecraft:interact_with_blast_furnace":16,"minecraft:total_world_time":433918,"minecraft:time_since_rest":5724,"minecraft:damage_taken":17140,"minecraft:damage_absorbed":118,"minecraft:trigger_trapped_chest":2,"minecraft:swim_one_cm":2696,"minecraft:fly_one_cm":322072,"minecraft:open_chest":110,"minecraft:fall_one_cm":83525},"minecraft:mined":{"minecraft:dark_oak_planks":2,"minerally:deepslate_emerald_crystal_0":1,"minecraft:spruce_planks":3,"minecraft:white_bed":2,"iceandfire:graveyard_soil":1,"minerally:deepslate_emerald_crystal_1":1,"minecraft:granite":16,"minecraft:grass_block":23,"minecraft:spawner":2,"minecraft:magma_block":8,"minecraft:iron_ore":33,"minecraft:cobbled_deepslate":1,"minecraft:azure_bluet":4,"minecraft:pointed_dripstone":8,"minecraft:light_gray_concrete":2,"soulsweapons:verglas_ore_deepslate":2,"minecraft:polished_deepslate_stairs":1,"minecraft:soul_lantern":2,"minecraft:calcite":2,"minecraft:poppy":1,"minerally:deepslate_emerald_crystal":1,"minecraft:nether_brick_slab":4,"iceandfire:fire_lily":1,"minecraft:cobblestone":1,"minecraft:dark_oak_slab":2,"minecraft:stone_brick_stairs":1,"minecraft:smooth_stone_slab":3,"minecraft:grass":78,"minecraft:oak_log":11,"minecraft:smooth_quartz":3,"minecraft:sand":112,"minecraft:dirt":33,"minecraft:sandstone_wall":1,"minecraft:stonecutter":1,"minecraft:netherrack":8,"minecraft:oak_leaves":1,"minecraft:deepslate":26,"minecraft:tuff":9,"iceandfire:silver_ore":1,"minecraft:deepslate_diamond_ore":7,"minecraft:glow_lichen":2,"minecraft:redstone_wire":1,"minecraft:soul_campfire":1,"minecraft:moss_block":1,"minecraft:large_fern":3,"minecraft:andesite":5,"minecraft:polished_deepslate":1,"soulsweapons:moonstone_ore_deepslate":5,"minecraft:bookshelf":1,"minecraft:deepslate_iron_ore":17,"minecraft:stone":290,"minecraft:white_wool":4,"minecraft:soul_sand":1,"minecraft:dandelion":2,"minecraft:crafting_table":4,"minecraft:cornflower":1,"minecraft:emerald_ore":1,"minecraft:oak_wood":1,"minecraft:campfire":1,"minecraft:tall_grass":23,"minecraft:deepslate_gold_ore":3,"minecraft:diorite":1,"minecraft:purple_bed":3,"minecraft:spruce_log":6,"minecraft:coal_ore":16,"minecraft:dripstone_block":1,"graveyard:leaning_skeleton":1,"minecraft:gravel":9,"minecraft:gray_carpet":1,"minecraft:gold_ore":1,"minecraft:iron_trapdoor":1},"minecraft:broken":{"minecraft:iron_boots":1,"minecraft:wooden_axe":1,"minecraft:wooden_pickaxe":1,"minecraft:shield":1,"minecraft:iron_helmet":1},"minecraft:crafted":{"minecraft:oak_planks":80,"minecraft:stone":13,"minecraft:cooked_mutton":50,"minecraft:glass":64,"minecraft:iron_boots":2,"minecraft:wooden_shovel":1,"minecraft:cooked_porkchop":20,"minecraft:crafting_table":3,"minecraft:wooden_pickaxe":1,"minecraft:iron_helmet":1,"soulsweapons:kirkhammer":1,"minecraft:shield":4,"minecraft:stick":48,"minecraft:iron_ingot":51,"minecraft:iron_pickaxe":1,"minecraft:iron_block":6,"minecraft:gold_ingot":41,"minecraft:oak_door":3,"minecraft:stone_shovel":1,"soulsweapons:guts_sword":1,"minecraft:furnace":1,"soulsweapons:holy_greatsword":1,"minecraft:stone_pickaxe":1,"minecraft:cooked_beef":7,"minecraft:iron_sword":1,"minecraft:air":0,"minecraft:wooden_axe":2,"minecraft:white_bed":1},"minecraft:used":{"minecraft:shield":128,"minecraft:iron_sword":124,"minecraft:soul_sand":1,"minecraft:carrot":31,"minecraft:tuff":7,"minecraft:azure_bluet":1,"minecraft:magma_block":2,"minecraft:furnace":1,"minecraft:potato":10,"minecraft:stone_pickaxe":72,"minecraft:wooden_pickaxe":54,"minecraft:white_wool":4,"minecraft:golden_apple":4,"minecraft:crossbow":26,"iceandfire:silver_pickaxe":356,"minecraft:bread":1,"minecraft:andesite":8,"minecraft:experience_bottle":9,"minecraft:stone_sword":78,"minecraft:stone_shovel":106,"minecraft:spruce_planks":18,"minecraft:wooden_shovel":8,"minecraft:oak_door":1,"minecraft:torch":35,"minecraft:dirt":33,"minecraft:oak_wood":1,"minecraft:granite":8,"minecraft:wooden_axe":84,"soulsweapons:kirkhammer":58,"soulsweapons:guts_sword":114,"minecraft:cooked_beef":7,"minecraft:cobbled_deepslate":2,"minecraft:iron_leggings":58,"minecraft:cooked_mutton":26,"minecraft:baked_potato":4,"minecraft:crafting_table":5,"minecraft:white_bed":2,"minecraft:black_wool":1,"soulsweapons:holy_greatsword":166,"minecraft:iron_pickaxe":30,"minecraft:cobblestone":47,"minecraft:purple_bed":2,"minecraft:cooked_porkchop":13,"minecraft:gray_wool":1},"minecraft:killed":{"minecraft:cave_spider":1,"minecraft:spider":2,"minecraft:skeleton":19,"minecraft:chicken":5,"minecraft:pig":13,"minecraft:zombie_villager":1,"terra_armory:bee_ability_entity":1,"minecraft:creeper":1,"minecraft:sheep":38,"minecraft:pillager":8,"minecraft:zombie":8,"minecraft:glow_squid":1,"minecraft:cow":12,"minecraft:warden":1,"graveyard:ghoul":1,"minecraft:player":1,"minecraft:enderman":1}},"DataVersion":3465}