{"stats":{"minecraft:used":{"minecraft:stone_sword":78,"minecraft:spruce_planks":18,"minecraft:shield":77,"minecraft:iron_sword":124,"minecraft:torch":29,"minecraft:soul_sand":1,"minecraft:carrot":31,"minecraft:oak_wood":1,"minecraft:granite":5,"minecraft:wooden_axe":76,"minecraft:cooked_beef":7,"minecraft:potato":10,"minecraft:iron_leggings":56,"minecraft:cooked_mutton":7,"minecraft:baked_potato":4,"minecraft:stone_pickaxe":72,"minecraft:wooden_pickaxe":54,"minecraft:golden_apple":3,"minecraft:crafting_table":4,"minecraft:crossbow":26,"iceandfire:silver_pickaxe":87,"soulsweapons:holy_greatsword":138,"minecraft:iron_pickaxe":30,"minecraft:cobblestone":39,"minecraft:purple_bed":2,"minecraft:cooked_porkchop":3,"minecraft:andesite":2,"minecraft:gray_wool":1,"minecraft:experience_bottle":9},"minecraft:dropped":{"minecraft:enchanted_book":1,"minecraft:golden_boots":1,"minecraft:moss_block":1,"minecraft:porkchop":2,"minecraft:wheat_seeds":8,"minecraft:cooked_beef":1,"minecraft:ender_pearl":1,"minecraft:crossbow":1,"minecraft:iron_helmet":2,"minecraft:book":6,"minecraft:copper_ingot":10,"minecraft:coal":4,"minecraft:sentry_armor_trim_smithing_template":1,"minecraft:flint":1,"minecraft:dirt":2,"minecraft:gray_wool":1,"minecraft:iron_trapdoor":1,"minecraft:mutton":5,"minecraft:iron_leggings":2,"minecraft:dark_oak_planks":22,"minecraft:gray_carpet":2,"minecraft:gravel":25,"minecraft:stone_sword":2,"minecraft:soul_lantern":1,"minecraft:raw_iron":9,"fleshz:hide":4,"minecraft:rotten_flesh":2,"iceandfire:fire_lily":1,"iceandfire:armor_copper_metal_helmet":1,"minecraft:azure_bluet":1,"minecraft:skeleton_spawn_egg":2,"minecraft:pumpkin_seeds":2,"minecraft:filled_map":1,"minecraft:poppy":2,"minecraft:gunpowder":1,"minecraft:iron_chestplate":1,"artifacts:steadfast_spikes":1,"minecraft:golden_leggings":1,"minecraft:beef":7,"iceandfire:armor_copper_metal_leggings":1,"iceandfire:silver_pickaxe":2},"minecraft:crafted":{"minecraft:oak_planks":28,"soulsweapons:holy_greatsword":1,"minecraft:iron_boots":1,"minecraft:stone_pickaxe":1,"minecraft:crafting_table":2,"minecraft:wooden_pickaxe":1,"minecraft:shield":2,"minecraft:stick":48,"minecraft:iron_pickaxe":1,"minecraft:wooden_axe":2},"minecraft:killed":{"minecraft:cave_spider":1,"minecraft:spider":1,"minecraft:skeleton":15,"minecraft:warden":1,"minecraft:pig":3,"graveyard:ghoul":1,"minecraft:creeper":1,"minecraft:sheep":11,"minecraft:pillager":8,"minecraft:zombie":6,"minecraft:enderman":1,"minecraft:cow":4},"minecraft:picked_up":{"minecraft:charcoal":2,"minecraft:crafting_table":3,"minecraft:azure_bluet":1,"minecraft:iron_trapdoor":2,"minecraft:chest_minecart":2,"iceandfire:fire_lily":1,"minecraft:sentry_armor_trim_smithing_template":1,"soulsweapons:moonstone":1,"minecraft:enchanted_book":1,"minecraft:cornflower":1,"minecraft:string":7,"minecraft:waxed_cut_copper_slab":1,"minecraft:iron_leggings":1,"minecraft:cobbled_deepslate":70,"minecraft:detector_rail":3,"minecraft:spruce_planks":3,"minecraft:beef":7,"fleshz:hide":4,"minecraft:poppy":2,"minecraft:light_gray_wool":1,"minecraft:stick":8,"minecraft:raw_iron":19,"iceandfire:armor_copper_metal_leggings":1,"minecraft:copper_ingot":10,"minecraft:torch":1,"deeperdarker:heart_of_the_deep":1,"minecraft:porkchop":2,"minecraft:diorite":1,"minecraft:redstone":13,"minecraft:dark_oak_planks":6,"minecraft:stone_sword":3,"minecraft:arrow":20,"minecraft:rotten_flesh":3,"minecraft:beetroot_seeds":6,"minecraft:saddle":1,"artifacts:pocket_piston":1,"minecraft:gold_ingot":2,"minecraft:glow_berries":7,"minecraft:mutton":18,"minecraft:rail":23,"minecraft:white_wool":6,"minecraft:cobblestone":211,"minecraft:cooked_beef":8,"minecraft:andesite":2,"minecraft:flint":2,"minecraft:tuff":6,"minecraft:oak_log":11,"minecraft:gunpowder":3,"iceandfire:armor_copper_metal_helmet":1,"minecraft:dirt":58,"minecraft:cooked_mutton":7,"minecraft:bone":22,"minecraft:gray_carpet":2,"minecraft:apple":1,"minecraft:stonecutter":1,"minecraft:wheat_seeds":11,"minecraft:raw_gold":7,"artifacts:steadfast_spikes":1,"minecraft:glass_bottle":1,"minecraft:powered_rail":1,"minecraft:moss_block":2,"minecraft:oak_planks":1,"minecraft:soul_sand":1,"minecraft:book":3,"minecraft:cooked_porkchop":3,"minecraft:gravel":25,"minecraft:white_bed":2,"minecraft:spider_eye":1,"iceandfire:silver_pickaxe":1,"minecraft:oak_wood":2,"minecraft:skeleton_spawn_egg":2,"minecraft:pumpkin_seeds":2,"minecraft:purple_bed":2,"minecraft:diamond":4,"minecraft:soul_lantern":1,"minecraft:iron_helmet":1,"minecraft:granite":9,"minecraft:emerald":3,"minecraft:golden_apple":3,"minecraft:gray_wool":5,"soulsweapons:verglas":2,"minecraft:spruce_sign":1,"minecraft:bread":3,"minecraft:baked_potato":4,"minecraft:oak_sapling":9,"minecraft:coal":20,"iceandfire:raw_silver":1,"minecraft:ender_pearl":2,"minecraft:diamond_pickaxe":1},"minecraft:broken":{"minecraft:wooden_pickaxe":1,"minecraft:shield":1},"minecraft:custom":{"minecraft:interact_with_anvil":10,"minecraft:mob_kills":55,"minecraft:interact_with_crafting_table":18,"minecraft:open_barrel":14,"minecraft:interact_with_campfire":8,"minecraft:leave_game":3,"minecraft:time_since_death":9316,"minecraft:climb_one_cm":628,"minecraft:sprint_one_cm":471882,"minecraft:walk_one_cm":698941,"minecraft:damage_blocked_by_shield":4810,"minecraft:drop":53,"minecraft:play_time":177374,"minecraft:deaths":20,"minecraft:sneak_time":4542,"minecraft:walk_under_water_one_cm":122,"minecraft:jump":1476,"minecraft:interact_with_blast_furnace":8,"minecraft:walk_on_water_one_cm":15235,"minecraft:total_world_time":177374,"minecraft:interact_with_furnace":5,"minecraft:sleep_in_bed":2,"minecraft:time_since_rest":4465,"minecraft:damage_taken":8575,"minecraft:damage_absorbed":78,"minecraft:damage_dealt":13202,"minecraft:fly_one_cm":137726,"minecraft:open_chest":43,"minecraft:crouch_one_cm":19451,"minecraft:interact_with_smoker":7,"minecraft:fall_one_cm":34239},"minecraft:killed_by":{"minecraft:player":2,"minecraft:creeper":1,"minecraft:spider":1,"minecraft:pillager":1,"minecraft:warden":4,"minecraft:silverfish":1,"minecraft:skeleton":6,"minecraft:zombie":3},"minecraft:mined":{"minecraft:dark_oak_planks":2,"minecraft:white_bed":1,"minerally:deepslate_emerald_crystal_0":1,"minecraft:tuff":5,"iceandfire:silver_ore":1,"minecraft:spruce_planks":3,"minerally:deepslate_emerald_crystal_1":1,"minecraft:deepslate_diamond_ore":5,"minecraft:glow_lichen":2,"minecraft:granite":1,"minecraft:grass_block":7,"minecraft:soul_campfire":1,"minecraft:moss_block":1,"minecraft:spawner":2,"minecraft:large_fern":2,"minecraft:iron_ore":11,"minecraft:andesite":4,"minecraft:azure_bluet":1,"minecraft:polished_deepslate":1,"soulsweapons:moonstone_ore_deepslate":1,"minecraft:bookshelf":1,"minecraft:deepslate_iron_ore":8,"minecraft:stone":131,"minecraft:soul_sand":1,"soulsweapons:verglas_ore_deepslate":2,"minecraft:soul_lantern":1,"minecraft:crafting_table":3,"minecraft:cornflower":1,"minecraft:oak_wood":1,"minecraft:calcite":2,"minecraft:poppy":1,"minerally:deepslate_emerald_crystal":1,"minecraft:nether_brick_slab":4,"minecraft:campfire":1,"iceandfire:fire_lily":1,"minecraft:tall_grass":12,"minecraft:cobblestone":1,"minecraft:deepslate_gold_ore":3,"minecraft:diorite":1,"minecraft:purple_bed":3,"minecraft:grass":47,"minecraft:oak_log":11,"minecraft:coal_ore":14,"minecraft:gravel":1,"graveyard:leaning_skeleton":1,"minecraft:dirt":9,"minecraft:gray_carpet":1,"minecraft:stonecutter":1,"minecraft:gold_ore":1,"minecraft:deepslate":22,"minecraft:iron_trapdoor":1}},"DataVersion":3465}