{"stats":{"minecraft:dropped":{"minecraft:iron_sword":1,"iceandfire:raw_silver":3,"minecraft:moss_block":1,"minecraft:porkchop":2,"minecraft:cooked_beef":1,"minecraft:ender_pearl":1,"minecraft:diamond":6,"minecraft:crossbow":1,"minecraft:chest_minecart":1,"iceandfire:ectoplasm":6,"artifacts:universal_attractor":1,"minecraft:rail":4,"minecraft:sentry_armor_trim_smithing_template":1,"minecraft:flint":4,"minecraft:emerald":3,"minecraft:zombie_villager_spawn_egg":1,"minecraft:dirt":2,"minecraft:mutton":9,"minecraft:sand":4,"minecraft:dark_oak_planks":22,"minecraft:white_wool":23,"minecraft:oak_door":1,"minecraft:gravel":25,"minecraft:detector_rail":3,"minecraft:cobbled_deepslate":2,"minecraft:birch_sapling":9,"minecraft:soul_lantern":1,"minecraft:pointed_dripstone":3,"fleshz:hide":4,"minecraft:rotten_flesh":20,"minecraft:oak_planks":1,"iceandfire:fire_lily":1,"minecraft:azure_bluet":2,"minecraft:poppy":2,"iceandfire:ghost_chest":1,"minecraft:gunpowder":5,"minecraft:beetroot_seeds":4,"minecraft:beef":7,"minecraft:powered_rail":1,"iceandfire:armor_copper_metal_leggings":1,"iceandfire:silver_pickaxe":2,"iceandfire:manuscript":11,"minecraft:egg":2,"minecraft:iron_ingot":11,"minecraft:enchanted_book":1,"minecraft:golden_boots":1,"minecraft:wheat_seeds":13,"minecraft:dripstone_block":1,"minecraft:iron_helmet":2,"minecraft:cobblestone":72,"minecraft:book":6,"minecraft:granite":36,"minecraft:copper_ingot":13,"minecraft:coal":4,"soulsweapons:holy_greatsword":2,"minecraft:cobweb":3,"minecraft:gray_wool":4,"minecraft:diorite":23,"minecraft:iron_trapdoor":1,"minecraft:torch":1,"minecraft:smooth_quartz":5,"minecraft:iron_leggings":5,"tacz:modern_kinetic_gun":1,"minecraft:gray_carpet":2,"minecraft:redstone":13,"minecraft:stone_sword":4,"minecraft:tuff":2,"minecraft:sticky_piston":3,"minecraft:stone_shovel":1,"minecraft:raw_iron":9,"minecraft:light_gray_wool":2,"minecraft:iron_boots":1,"iceandfire:armor_copper_metal_helmet":1,"minecraft:skeleton_spawn_egg":2,"minecraft:pumpkin_seeds":14,"minecraft:filled_map":1,"minecraft:stone":14,"minecraft:shield":2,"iceandfire:copper_sword":1,"minecraft:iron_chestplate":4,"minecraft:diamond_pickaxe":1,"minecraft:andesite":3,"artifacts:steadfast_spikes":1,"minecraft:golden_leggings":1,"minecraft:wooden_shovel":1,"minecraft:spider_eye":2},"minecraft:picked_up":{"minecraft:iron_chestplate":2,"minecraft:iron_trapdoor":2,"iceandfire:copper_sword":1,"minecraft:sentry_armor_trim_smithing_template":1,"soulsweapons:moonstone":7,"minecraft:enchanted_book":1,"iceandfire:manuscript":22,"minecraft:string":12,"minecraft:raw_copper":217,"minecraft:waxed_cut_copper_slab":1,"minecraft:iron_leggings":2,"minecraft:cobbled_deepslate":85,"minecraft:spruce_planks":3,"minecraft:smooth_quartz":10,"minecraft:furnace":1,"minecraft:iron_boots":1,"minecraft:stick":15,"artifacts:universal_attractor":1,"iceandfire:ghost_chest":1,"iceandfire:armor_copper_metal_leggings":1,"minecraft:polished_deepslate_stairs":1,"minecraft:torch":7,"deeperdarker:heart_of_the_deep":1,"minecraft:porkchop":31,"minecraft:pointed_dripstone":26,"minecraft:diorite":25,"minecraft:stone_sword":3,"minecraft:rotten_flesh":20,"minecraft:cobblestone":530,"minecraft:birch_log":19,"minecraft:magma_block":6,"minecraft:feather":4,"minecraft:cooked_beef":8,"minecraft:andesite":16,"minecraft:brown_wool":1,"minecraft:flint":4,"minecraft:tuff":9,"minecraft:dirt":111,"minecraft:zombie_villager_spawn_egg":1,"minecraft:bone":30,"minecraft:stonecutter":1,"minecraft:wheat_seeds":18,"minecraft:raw_gold":8,"minecraft:powered_rail":1,"minecraft:moss_block":2,"minecraft:oak_planks":1,"minecraft:cooked_porkchop":3,"minecraft:pig_spawn_egg":1,"minecraft:sand":113,"minecraft:skeleton_spawn_egg":2,"minecraft:diamond":6,"minecraft:soul_lantern":2,"minecraft:granite":45,"minecraft:golden_apple":4,"minecraft:emerald":7,"soulsweapons:verglas":2,"minecraft:spruce_sign":1,"minecraft:bread":7,"minecraft:oak_sapling":9,"iceandfire:raw_silver":3,"minecraft:diamond_pickaxe":1,"minecraft:charcoal":2,"minecraft:crafting_table":4,"minecraft:azure_bluet":3,"minecraft:chicken":5,"minecraft:chest_minecart":2,"iceandfire:fire_lily":1,"minecraft:gold_block":2,"minecraft:cornflower":1,"tacz:ammo":420,"minecraft:detector_rail":3,"minecraft:beef":25,"fleshz:hide":13,"minecraft:poppy":2,"minecraft:light_gray_wool":3,"minecraft:birch_sapling":9,"minecraft:egg":3,"minecraft:raw_iron":73,"minecraft:stone":7,"minecraft:oak_door":1,"minecraft:copper_ingot":18,"minecraft:redstone":26,"minecraft:dark_oak_planks":6,"minecraft:arrow":27,"minecraft:beetroot_seeds":6,"artifacts:pocket_piston":1,"minecraft:saddle":1,"minecraft:gold_ingot":4,"minecraft:glow_berries":7,"minecraft:mutton":66,"minecraft:white_wool":50,"minecraft:rail":23,"minecraft:glow_ink_sac":3,"minecraft:leather":2,"minecraft:oak_log":11,"minecraft:chainmail_chestplate":1,"iceandfire:ectoplasm":12,"minecraft:gunpowder":5,"iceandfire:armor_copper_metal_helmet":1,"minecraft:cooked_mutton":9,"minecraft:apple":1,"minecraft:gray_carpet":2,"minecraft:iron_ingot":28,"minecraft:cobweb":3,"artifacts:steadfast_spikes":1,"minecraft:glass_bottle":1,"minecraft:soul_sand":1,"minecraft:book":3,"soulsweapons:holy_greatsword":1,"minecraft:dandelion":2,"minecraft:dripstone_block":1,"minecraft:gravel":46,"minecraft:blast_furnace":4,"minecraft:white_bed":3,"minecraft:spider_eye":2,"minecraft:oak_wood":2,"iceandfire:silver_pickaxe":1,"minecraft:pumpkin_seeds":14,"minecraft:purple_bed":2,"tacz:modern_kinetic_gun":2,"minecraft:chainmail_leggings":1,"minecraft:iron_helmet":1,"minecraft:gray_wool":8,"minecraft:baked_potato":4,"minecraft:black_wool":1,"minecraft:coal":23,"minecraft:ender_pearl":2},"minecraft:killed_by":{"minecraft:creeper":1,"minecraft:pillager":1,"minecraft:silverfish":1,"minecraft:zombie":12,"minecraft:player":9,"minecraft:spider":4,"minecraft:enderman":1,"minecraft:warden":4,"minecraft:skeleton":7,"iceandfire:ghost":2},"minecraft:custom":{"minecraft:interact_with_crafting_table":53,"minecraft:open_barrel":15,"minecraft:leave_game":6,"minecraft:time_since_death":0,"minecraft:sprint_one_cm":992749,"minecraft:damage_blocked_by_shield":7063,"minecraft:drop":173,"minecraft:play_time":506100,"minecraft:deaths":48,"minecraft:jump":4034,"minecraft:walk_on_water_one_cm":37998,"minecraft:interact_with_furnace":49,"minecraft:sleep_in_bed":8,"minecraft:damage_dealt":23880,"minecraft:player_kills":2,"minecraft:crouch_one_cm":39305,"minecraft:interact_with_smoker":29,"minecraft:inspect_dispenser":2,"minecraft:mob_kills":138,"minecraft:interact_with_anvil":11,"minecraft:interact_with_campfire":8,"minecraft:climb_one_cm":9995,"minecraft:walk_one_cm":1735172,"minecraft:sneak_time":9846,"minecraft:walk_under_water_one_cm":21855,"minecraft:interact_with_blast_furnace":34,"minecraft:total_world_time":506100,"minecraft:time_since_rest":110,"minecraft:damage_taken":18876,"minecraft:damage_absorbed":118,"minecraft:trigger_trapped_chest":2,"minecraft:swim_one_cm":22447,"minecraft:fly_one_cm":387421,"minecraft:open_chest":135,"minecraft:fall_one_cm":95470},"minecraft:mined":{"minecraft:dark_oak_planks":2,"minerally:deepslate_emerald_crystal_0":1,"minecraft:spruce_planks":3,"minecraft:white_bed":2,"iceandfire:graveyard_soil":1,"minerally:deepslate_emerald_crystal_1":1,"minecraft:granite":17,"minecraft:grass_block":23,"minecraft:spawner":2,"minecraft:magma_block":8,"minecraft:iron_ore":42,"minecraft:cobbled_deepslate":2,"minecraft:azure_bluet":4,"minecraft:pointed_dripstone":9,"minecraft:light_gray_concrete":2,"soulsweapons:verglas_ore_deepslate":2,"minecraft:polished_deepslate_stairs":1,"minecraft:soul_lantern":2,"minecraft:calcite":2,"minecraft:poppy":1,"minerally:deepslate_emerald_crystal":1,"minecraft:nether_brick_slab":4,"iceandfire:fire_lily":1,"minecraft:cobblestone":2,"minecraft:dark_oak_slab":2,"minecraft:birch_log":19,"minecraft:stone_brick_stairs":1,"minecraft:smooth_stone_slab":3,"minecraft:grass":78,"minecraft:oak_log":11,"minecraft:sand":112,"minecraft:dirt":36,"minecraft:smooth_quartz":3,"minecraft:sandstone_wall":1,"minecraft:stonecutter":1,"minecraft:netherrack":8,"minecraft:oak_leaves":3,"minecraft:deepslate":26,"minecraft:tuff":9,"iceandfire:silver_ore":1,"minecraft:deepslate_diamond_ore":7,"minecraft:glow_lichen":2,"minecraft:redstone_wire":1,"minecraft:soul_campfire":1,"minecraft:moss_block":1,"minecraft:large_fern":3,"minecraft:furnace":1,"minecraft:andesite":5,"minecraft:gold_block":2,"minecraft:polished_deepslate":1,"soulsweapons:moonstone_ore_deepslate":5,"minecraft:bookshelf":1,"minecraft:deepslate_iron_ore":17,"minecraft:stone":331,"minecraft:white_wool":4,"minecraft:soul_sand":1,"minecraft:dandelion":2,"minecraft:crafting_table":4,"minecraft:cornflower":1,"minecraft:emerald_ore":1,"minecraft:oak_wood":1,"minecraft:campfire":1,"minecraft:tall_grass":23,"minecraft:deepslate_gold_ore":3,"minecraft:diorite":6,"minecraft:purple_bed":3,"minecraft:birch_leaves":6,"minecraft:spruce_log":6,"minecraft:coal_ore":16,"minecraft:dripstone_block":3,"minecraft:gravel":9,"graveyard:leaning_skeleton":1,"minecraft:gray_carpet":1,"minecraft:gold_ore":1,"minecraft:iron_trapdoor":1},"minecraft:broken":{"minecraft:iron_boots":1,"minecraft:wooden_axe":1,"minecraft:wooden_pickaxe":1,"minecraft:shield":1,"minecraft:iron_helmet":1},"minecraft:crafted":{"minecraft:oak_planks":80,"minecraft:stone":34,"minecraft:cooked_mutton":50,"minecraft:glass":64,"minecraft:iron_boots":2,"minecraft:wooden_shovel":1,"minecraft:cooked_porkchop":29,"minecraft:crafting_table":3,"minecraft:wooden_pickaxe":1,"minecraft:iron_helmet":1,"soulsweapons:kirkhammer":1,"minecraft:copper_ingot":122,"minecraft:shield":4,"minecraft:stick":48,"minecraft:iron_ingot":51,"minecraft:iron_pickaxe":1,"minecraft:iron_block":6,"minecraft:gold_ingot":41,"minecraft:oak_door":3,"minecraft:stone_shovel":1,"soulsweapons:guts_sword":1,"minecraft:furnace":2,"soulsweapons:holy_greatsword":1,"minecraft:stone_pickaxe":1,"minecraft:cooked_beef":9,"minecraft:iron_sword":1,"minecraft:air":0,"minecraft:wooden_axe":2,"minecraft:white_bed":1},"minecraft:used":{"minecraft:shield":142,"minecraft:stone":21,"minecraft:iron_sword":124,"minecraft:soul_sand":1,"minecraft:carrot":31,"minecraft:tuff":7,"minecraft:azure_bluet":1,"minecraft:magma_block":2,"minecraft:furnace":2,"minecraft:potato":10,"minecraft:stone_pickaxe":72,"minecraft:wooden_pickaxe":54,"minecraft:golden_apple":4,"minecraft:white_wool":4,"minecraft:blast_furnace":4,"minecraft:crossbow":26,"iceandfire:silver_pickaxe":420,"minecraft:bread":2,"minecraft:andesite":8,"minecraft:experience_bottle":9,"minecraft:stone_sword":78,"minecraft:stone_shovel":106,"minecraft:spruce_planks":18,"minecraft:wooden_shovel":8,"minecraft:oak_door":1,"minecraft:torch":36,"minecraft:dirt":41,"minecraft:oak_wood":1,"minecraft:granite":9,"minecraft:wooden_axe":84,"soulsweapons:kirkhammer":70,"soulsweapons:guts_sword":141,"minecraft:cooked_beef":9,"minecraft:cobbled_deepslate":2,"minecraft:iron_leggings":58,"minecraft:cooked_mutton":27,"minecraft:baked_potato":4,"minecraft:crafting_table":5,"minecraft:white_bed":2,"minecraft:black_wool":1,"soulsweapons:holy_greatsword":166,"minecraft:pig_spawn_egg":1,"minecraft:iron_pickaxe":30,"minecraft:cobblestone":51,"minecraft:purple_bed":2,"minecraft:cooked_porkchop":21,"minecraft:gray_wool":1},"minecraft:killed":{"minecraft:cave_spider":1,"iceandfire:hippogryph":1,"minecraft:spider":4,"minecraft:skeleton":20,"minecraft:chicken":5,"minecraft:pig":21,"minecraft:zombie_villager":1,"minecraft:salmon":1,"terra_armory:bee_ability_entity":1,"minecraft:creeper":1,"minecraft:sheep":41,"minecraft:pillager":8,"minecraft:zombie":11,"minecraft:glow_squid":1,"minecraft:cow":13,"minecraft:warden":1,"graveyard:ghoul":1,"minecraft:player":1,"minecraft:enderman":1}},"DataVersion":3465}