{"stats":{"minecraft:used":{"minecraft:stone_sword":78,"minecraft:spruce_planks":18,"minecraft:shield":78,"minecraft:iron_sword":124,"minecraft:oak_door":1,"minecraft:torch":30,"minecraft:soul_sand":1,"minecraft:carrot":31,"minecraft:tuff":7,"minecraft:oak_wood":1,"minecraft:granite":8,"minecraft:wooden_axe":81,"minecraft:furnace":1,"minecraft:cooked_beef":7,"minecraft:potato":10,"minecraft:iron_leggings":58,"minecraft:cooked_mutton":10,"minecraft:baked_potato":4,"minecraft:stone_pickaxe":72,"minecraft:wooden_pickaxe":54,"minecraft:white_wool":1,"minecraft:golden_apple":4,"minecraft:crafting_table":4,"minecraft:crossbow":26,"minecraft:white_bed":1,"iceandfire:silver_pickaxe":213,"soulsweapons:holy_greatsword":160,"minecraft:iron_pickaxe":30,"minecraft:cobblestone":39,"minecraft:purple_bed":2,"minecraft:cooked_porkchop":3,"minecraft:andesite":8,"minecraft:gray_wool":1,"minecraft:experience_bottle":9},"minecraft:dropped":{"minecraft:enchanted_book":1,"minecraft:golden_boots":1,"minecraft:moss_block":1,"minecraft:porkchop":2,"minecraft:wheat_seeds":8,"minecraft:cooked_beef":1,"minecraft:ender_pearl":1,"minecraft:diamond":6,"minecraft:dripstone_block":1,"minecraft:crossbow":1,"minecraft:iron_helmet":2,"minecraft:cobblestone":64,"minecraft:book":6,"minecraft:chest_minecart":1,"minecraft:granite":19,"iceandfire:ectoplasm":6,"minecraft:copper_ingot":13,"minecraft:rail":4,"minecraft:coal":4,"minecraft:sentry_armor_trim_smithing_template":1,"minecraft:flint":1,"minecraft:zombie_villager_spawn_egg":1,"minecraft:cobweb":3,"minecraft:dirt":2,"minecraft:gray_wool":1,"minecraft:iron_trapdoor":1,"minecraft:mutton":5,"minecraft:iron_leggings":4,"minecraft:dark_oak_planks":22,"minecraft:white_wool":5,"minecraft:gray_carpet":2,"minecraft:redstone":13,"minecraft:gravel":25,"minecraft:detector_rail":3,"minecraft:stone_sword":3,"minecraft:soul_lantern":1,"minecraft:raw_iron":9,"fleshz:hide":4,"minecraft:rotten_flesh":7,"minecraft:oak_planks":1,"iceandfire:fire_lily":1,"iceandfire:armor_copper_metal_helmet":1,"minecraft:azure_bluet":1,"minecraft:skeleton_spawn_egg":2,"minecraft:pumpkin_seeds":2,"minecraft:filled_map":1,"minecraft:poppy":2,"iceandfire:ghost_chest":1,"minecraft:gunpowder":3,"iceandfire:copper_sword":1,"minecraft:diamond_pickaxe":1,"minecraft:iron_chestplate":3,"minecraft:beetroot_seeds":4,"artifacts:steadfast_spikes":1,"minecraft:golden_leggings":1,"minecraft:spider_eye":1,"minecraft:powered_rail":1,"minecraft:beef":7,"iceandfire:armor_copper_metal_leggings":1,"iceandfire:manuscript":11,"iceandfire:silver_pickaxe":2},"minecraft:crafted":{"minecraft:oak_planks":80,"minecraft:furnace":1,"soulsweapons:holy_greatsword":1,"minecraft:cooked_mutton":5,"minecraft:iron_boots":1,"minecraft:stone_pickaxe":1,"minecraft:crafting_table":2,"minecraft:wooden_pickaxe":1,"minecraft:shield":2,"minecraft:stick":48,"minecraft:iron_pickaxe":1,"minecraft:wooden_axe":2,"minecraft:gold_ingot":17,"minecraft:oak_door":3},"minecraft:killed":{"minecraft:cave_spider":1,"minecraft:spider":1,"minecraft:skeleton":15,"minecraft:warden":1,"minecraft:pig":4,"graveyard:ghoul":1,"minecraft:zombie_villager":1,"minecraft:creeper":1,"minecraft:sheep":14,"minecraft:pillager":8,"minecraft:zombie":6,"minecraft:glow_squid":1,"minecraft:enderman":1,"minecraft:cow":4},"minecraft:picked_up":{"iceandfire:copper_sword":1,"minecraft:charcoal":2,"minecraft:crafting_table":3,"minecraft:azure_bluet":1,"minecraft:iron_trapdoor":2,"minecraft:chest_minecart":2,"iceandfire:fire_lily":1,"minecraft:sentry_armor_trim_smithing_template":1,"soulsweapons:moonstone":7,"minecraft:enchanted_book":1,"minecraft:cornflower":1,"iceandfire:manuscript":22,"minecraft:string":9,"minecraft:waxed_cut_copper_slab":1,"minecraft:iron_leggings":1,"minecraft:cobbled_deepslate":77,"minecraft:detector_rail":3,"minecraft:spruce_planks":3,"minecraft:beef":7,"fleshz:hide":4,"minecraft:poppy":2,"minecraft:light_gray_wool":1,"iceandfire:ghost_chest":1,"minecraft:stick":8,"minecraft:raw_iron":24,"iceandfire:armor_copper_metal_leggings":1,"minecraft:copper_ingot":13,"minecraft:torch":1,"deeperdarker:heart_of_the_deep":1,"minecraft:porkchop":2,"minecraft:pointed_dripstone":23,"minecraft:diorite":2,"minecraft:redstone":26,"minecraft:dark_oak_planks":6,"minecraft:stone_sword":3,"minecraft:arrow":20,"minecraft:rotten_flesh":7,"minecraft:beetroot_seeds":6,"minecraft:saddle":1,"artifacts:pocket_piston":1,"minecraft:gold_ingot":4,"minecraft:glow_berries":7,"minecraft:mutton":23,"minecraft:rail":23,"minecraft:white_wool":15,"minecraft:cobblestone":383,"minecraft:cooked_beef":8,"minecraft:glow_ink_sac":3,"minecraft:andesite":13,"minecraft:flint":4,"minecraft:tuff":7,"minecraft:oak_log":11,"minecraft:chainmail_chestplate":1,"iceandfire:ectoplasm":12,"minecraft:gunpowder":5,"iceandfire:armor_copper_metal_helmet":1,"minecraft:dirt":59,"minecraft:zombie_villager_spawn_egg":1,"minecraft:cooked_mutton":7,"minecraft:bone":23,"minecraft:gray_carpet":2,"minecraft:apple":1,"minecraft:stonecutter":1,"minecraft:wheat_seeds":11,"minecraft:raw_gold":8,"minecraft:cobweb":3,"artifacts:steadfast_spikes":1,"minecraft:glass_bottle":1,"minecraft:powered_rail":1,"minecraft:moss_block":2,"minecraft:oak_planks":1,"minecraft:soul_sand":1,"minecraft:book":3,"minecraft:cooked_porkchop":3,"minecraft:dripstone_block":1,"minecraft:gravel":46,"minecraft:white_bed":2,"minecraft:spider_eye":2,"iceandfire:silver_pickaxe":1,"minecraft:oak_wood":2,"minecraft:skeleton_spawn_egg":2,"minecraft:pumpkin_seeds":2,"minecraft:purple_bed":2,"minecraft:diamond":6,"minecraft:soul_lantern":1,"minecraft:chainmail_leggings":1,"minecraft:iron_helmet":1,"minecraft:granite":27,"minecraft:iron_chestplate":1,"minecraft:emerald":3,"minecraft:golden_apple":4,"minecraft:gray_wool":5,"soulsweapons:verglas":2,"minecraft:spruce_sign":1,"minecraft:bread":3,"minecraft:baked_potato":4,"minecraft:oak_sapling":9,"minecraft:coal":20,"iceandfire:raw_silver":3,"minecraft:ender_pearl":2,"minecraft:diamond_pickaxe":1},"minecraft:broken":{"minecraft:wooden_pickaxe":1,"minecraft:shield":1},"minecraft:custom":{"minecraft:interact_with_anvil":11,"minecraft:mob_kills":61,"minecraft:interact_with_crafting_table":21,"minecraft:open_barrel":14,"minecraft:interact_with_campfire":8,"minecraft:leave_game":3,"minecraft:time_since_death":24103,"minecraft:climb_one_cm":703,"minecraft:sprint_one_cm":540346,"minecraft:walk_one_cm":877390,"minecraft:damage_blocked_by_shield":4875,"minecraft:drop":84,"minecraft:play_time":225374,"minecraft:deaths":25,"minecraft:sneak_time":7847,"minecraft:walk_under_water_one_cm":4904,"minecraft:jump":2059,"minecraft:interact_with_blast_furnace":10,"minecraft:walk_on_water_one_cm":21033,"minecraft:total_world_time":225374,"minecraft:interact_with_furnace":12,"minecraft:sleep_in_bed":2,"minecraft:time_since_rest":24441,"minecraft:damage_taken":10138,"minecraft:damage_absorbed":118,"minecraft:trigger_trapped_chest":2,"minecraft:damage_dealt":14207,"minecraft:swim_one_cm":771,"minecraft:fly_one_cm":177741,"minecraft:open_chest":62,"minecraft:crouch_one_cm":35260,"minecraft:interact_with_smoker":10,"minecraft:fall_one_cm":43699},"minecraft:killed_by":{"minecraft:player":2,"minecraft:creeper":1,"minecraft:spider":3,"minecraft:pillager":1,"minecraft:warden":4,"minecraft:silverfish":1,"minecraft:skeleton":6,"minecraft:zombie":3,"iceandfire:ghost":2},"minecraft:mined":{"minecraft:dark_oak_planks":2,"minecraft:white_bed":1,"minerally:deepslate_emerald_crystal_0":1,"minecraft:tuff":6,"iceandfire:silver_ore":1,"minecraft:spruce_planks":3,"minerally:deepslate_emerald_crystal_1":1,"minecraft:deepslate_diamond_ore":7,"minecraft:glow_lichen":2,"minecraft:granite":16,"minecraft:grass_block":13,"minecraft:soul_campfire":1,"minecraft:moss_block":1,"minecraft:spawner":2,"minecraft:large_fern":3,"minecraft:iron_ore":12,"minecraft:andesite":4,"minecraft:azure_bluet":1,"minecraft:polished_deepslate":1,"soulsweapons:moonstone_ore_deepslate":5,"minecraft:bookshelf":1,"minecraft:pointed_dripstone":8,"minecraft:deepslate_iron_ore":8,"minecraft:stone":214,"minecraft:white_wool":1,"minecraft:soul_sand":1,"soulsweapons:verglas_ore_deepslate":2,"minecraft:soul_lantern":1,"minecraft:crafting_table":3,"minecraft:cornflower":1,"minecraft:oak_wood":1,"minecraft:calcite":2,"minecraft:poppy":1,"minerally:deepslate_emerald_crystal":1,"minecraft:nether_brick_slab":4,"minecraft:campfire":1,"iceandfire:fire_lily":1,"minecraft:tall_grass":13,"minecraft:cobblestone":1,"minecraft:deepslate_gold_ore":3,"minecraft:diorite":1,"minecraft:purple_bed":3,"minecraft:dark_oak_slab":2,"minecraft:grass":53,"minecraft:oak_log":11,"minecraft:coal_ore":14,"minecraft:dripstone_block":1,"minecraft:gravel":9,"graveyard:leaning_skeleton":1,"minecraft:dirt":14,"minecraft:gray_carpet":1,"minecraft:stonecutter":1,"iceandfire:graveyard_soil":1,"minecraft:gold_ore":1,"minecraft:deepslate":25,"minecraft:iron_trapdoor":1}},"DataVersion":3465}