{"stats":{"minecraft:broken":{"minecraft:shield":1,"minecraft:wooden_pickaxe":1},"minecraft:crafted":{"minecraft:oak_planks":28,"minecraft:crafting_table":2,"minecraft:wooden_pickaxe":1,"minecraft:shield":2,"minecraft:stick":48,"minecraft:iron_pickaxe":1,"minecraft:stone_pickaxe":1,"minecraft:wooden_axe":2},"minecraft:used":{"minecraft:cooked_mutton":7,"minecraft:stone_sword":76,"minecraft:stone_pickaxe":72,"minecraft:baked_potato":4,"minecraft:wooden_pickaxe":54,"minecraft:spruce_planks":18,"minecraft:shield":70,"minecraft:iron_sword":114,"minecraft:soul_sand":1,"minecraft:crafting_table":4,"minecraft:carrot":6,"minecraft:oak_wood":1,"minecraft:wooden_axe":56,"minecraft:iron_pickaxe":18,"minecraft:purple_bed":1,"minecraft:cooked_beef":7,"minecraft:potato":10,"minecraft:experience_bottle":9,"minecraft:iron_leggings":46},"minecraft:custom":{"minecraft:mob_kills":44,"minecraft:interact_with_crafting_table":12,"minecraft:open_barrel":13,"minecraft:interact_with_campfire":8,"minecraft:leave_game":2,"minecraft:time_since_death":27025,"minecraft:sleep_in_bed":1,"minecraft:climb_one_cm":628,"minecraft:time_since_rest":27177,"minecraft:sprint_one_cm":383478,"minecraft:damage_taken":5417,"minecraft:walk_one_cm":372580,"minecraft:damage_blocked_by_shield":4340,"minecraft:drop":30,"minecraft:damage_dealt":7962,"minecraft:fly_one_cm":109807,"minecraft:open_chest":27,"minecraft:play_time":104123,"minecraft:crouch_one_cm":8994,"minecraft:deaths":14,"minecraft:sneak_time":1778,"minecraft:walk_under_water_one_cm":48,"minecraft:jump":718,"minecraft:interact_with_blast_furnace":5,"minecraft:walk_on_water_one_cm":468,"minecraft:total_world_time":104123,"minecraft:fall_one_cm":17559},"minecraft:killed":{"minecraft:pig":3,"minecraft:creeper":1,"minecraft:sheep":11,"minecraft:skeleton":11,"minecraft:pillager":8,"minecraft:zombie":4,"minecraft:enderman":1,"minecraft:cow":4},"minecraft:killed_by":{"minecraft:player":2,"minecraft:skeleton":6,"minecraft:creeper":1,"minecraft:spider":1,"minecraft:zombie":2,"minecraft:pillager":1},"minecraft:mined":{"minecraft:dark_oak_planks":2,"minecraft:spruce_planks":3,"minecraft:soul_sand":1,"minecraft:soul_lantern":1,"minecraft:cornflower":1,"minecraft:crafting_table":3,"minecraft:glow_lichen":2,"minecraft:grass_block":6,"minecraft:oak_wood":1,"minecraft:calcite":2,"minecraft:poppy":1,"minecraft:nether_brick_slab":4,"minecraft:campfire":1,"iceandfire:fire_lily":1,"minecraft:soul_campfire":1,"minecraft:tall_grass":12,"minecraft:moss_block":1,"minecraft:spawner":2,"minecraft:large_fern":2,"minecraft:purple_bed":2,"minecraft:grass":41,"minecraft:polished_deepslate":1,"minecraft:bookshelf":1,"minecraft:coal_ore":10,"minecraft:oak_log":11,"graveyard:leaning_skeleton":1,"minecraft:dirt":8,"minecraft:gray_carpet":1,"minecraft:stonecutter":1,"minecraft:stone":105,"minecraft:iron_trapdoor":1},"minecraft:picked_up":{"minecraft:charcoal":2,"minecraft:crafting_table":3,"minecraft:cooked_beef":8,"minecraft:iron_trapdoor":2,"iceandfire:fire_lily":1,"minecraft:sentry_armor_trim_smithing_template":1,"minecraft:enchanted_book":1,"minecraft:flint":1,"minecraft:oak_log":11,"minecraft:gunpowder":1,"iceandfire:armor_copper_metal_helmet":1,"minecraft:cornflower":1,"minecraft:dirt":56,"minecraft:string":3,"minecraft:waxed_cut_copper_slab":1,"minecraft:iron_leggings":1,"minecraft:cooked_mutton":7,"minecraft:bone":17,"minecraft:stonecutter":1,"minecraft:apple":1,"minecraft:gray_carpet":2,"minecraft:wheat_seeds":10,"minecraft:spruce_planks":3,"minecraft:beef":7,"fleshz:hide":4,"minecraft:poppy":1,"minecraft:light_gray_wool":1,"minecraft:glass_bottle":1,"minecraft:moss_block":2,"minecraft:soul_sand":1,"minecraft:book":3,"minecraft:raw_iron":1,"minecraft:stick":8,"iceandfire:armor_copper_metal_leggings":1,"minecraft:copper_ingot":10,"minecraft:gravel":12,"minecraft:porkchop":2,"minecraft:dark_oak_planks":6,"minecraft:oak_wood":2,"minecraft:skeleton_spawn_egg":2,"minecraft:stone_sword":2,"minecraft:arrow":18,"minecraft:purple_bed":2,"minecraft:soul_lantern":1,"minecraft:iron_helmet":1,"minecraft:gray_wool":4,"minecraft:spruce_sign":1,"minecraft:baked_potato":4,"minecraft:oak_sapling":9,"minecraft:mutton":18,"minecraft:coal":12,"minecraft:white_wool":6,"minecraft:cobblestone":168,"minecraft:ender_pearl":1},"minecraft:dropped":{"minecraft:enchanted_book":1,"minecraft:moss_block":1,"minecraft:porkchop":2,"minecraft:wheat_seeds":1,"minecraft:cooked_beef":1,"minecraft:stone_sword":1,"minecraft:crossbow":1,"minecraft:soul_lantern":1,"fleshz:hide":4,"minecraft:iron_helmet":1,"minecraft:book":6,"iceandfire:fire_lily":1,"iceandfire:armor_copper_metal_helmet":1,"minecraft:copper_ingot":10,"minecraft:skeleton_spawn_egg":2,"minecraft:sentry_armor_trim_smithing_template":1,"minecraft:dirt":2,"minecraft:gray_wool":1,"minecraft:iron_trapdoor":1,"minecraft:iron_chestplate":1,"minecraft:mutton":5,"minecraft:golden_leggings":1,"minecraft:iron_leggings":2,"minecraft:beef":7,"iceandfire:armor_copper_metal_leggings":1,"minecraft:dark_oak_planks":2,"minecraft:gray_carpet":2}},"DataVersion":3465}