{"stats":{"minecraft:crafted":{"minecraft:oak_planks":28,"soulsweapons:holy_greatsword":1,"minecraft:iron_boots":1,"minecraft:stone_pickaxe":1,"minecraft:crafting_table":2,"minecraft:wooden_pickaxe":1,"minecraft:shield":2,"minecraft:stick":48,"minecraft:iron_pickaxe":1,"minecraft:wooden_axe":2},"minecraft:mined":{"minecraft:dark_oak_planks":2,"minecraft:spruce_planks":3,"minecraft:glow_lichen":2,"minecraft:grass_block":6,"minecraft:soul_campfire":1,"minecraft:moss_block":1,"minecraft:spawner":2,"minecraft:large_fern":2,"minecraft:iron_ore":8,"minecraft:polished_deepslate":1,"minecraft:bookshelf":1,"minecraft:stone":109,"minecraft:soul_sand":1,"minecraft:soul_lantern":1,"minecraft:crafting_table":3,"minecraft:cornflower":1,"minecraft:oak_wood":1,"minecraft:calcite":2,"minecraft:poppy":1,"minecraft:nether_brick_slab":4,"minecraft:campfire":1,"iceandfire:fire_lily":1,"minecraft:tall_grass":12,"minecraft:purple_bed":2,"minecraft:grass":41,"minecraft:oak_log":11,"minecraft:coal_ore":10,"graveyard:leaning_skeleton":1,"minecraft:dirt":8,"minecraft:gray_carpet":1,"minecraft:stonecutter":1,"minecraft:iron_trapdoor":1},"minecraft:killed":{"minecraft:skeleton":13,"minecraft:pig":3,"minecraft:creeper":1,"minecraft:sheep":11,"minecraft:pillager":8,"minecraft:zombie":4,"minecraft:enderman":1,"minecraft:cow":4},"minecraft:picked_up":{"minecraft:charcoal":2,"minecraft:crafting_table":3,"minecraft:iron_trapdoor":2,"iceandfire:fire_lily":1,"minecraft:sentry_armor_trim_smithing_template":1,"minecraft:enchanted_book":1,"minecraft:cornflower":1,"minecraft:string":3,"minecraft:waxed_cut_copper_slab":1,"minecraft:iron_leggings":1,"minecraft:spruce_planks":3,"minecraft:beef":7,"fleshz:hide":4,"minecraft:poppy":2,"minecraft:light_gray_wool":1,"minecraft:stick":8,"minecraft:raw_iron":9,"iceandfire:armor_copper_metal_leggings":1,"minecraft:copper_ingot":10,"minecraft:porkchop":2,"minecraft:dark_oak_planks":6,"minecraft:stone_sword":3,"minecraft:arrow":18,"artifacts:pocket_piston":1,"minecraft:mutton":18,"minecraft:white_wool":6,"minecraft:cobblestone":172,"minecraft:cooked_beef":8,"minecraft:flint":2,"minecraft:oak_log":11,"minecraft:gunpowder":1,"iceandfire:armor_copper_metal_helmet":1,"minecraft:dirt":57,"minecraft:cooked_mutton":7,"minecraft:bone":18,"minecraft:apple":1,"minecraft:gray_carpet":2,"minecraft:stonecutter":1,"minecraft:wheat_seeds":10,"artifacts:steadfast_spikes":1,"minecraft:glass_bottle":1,"minecraft:moss_block":2,"minecraft:soul_sand":1,"minecraft:book":3,"minecraft:gravel":24,"iceandfire:silver_pickaxe":1,"minecraft:oak_wood":2,"minecraft:skeleton_spawn_egg":2,"minecraft:purple_bed":2,"minecraft:soul_lantern":1,"minecraft:iron_helmet":1,"minecraft:golden_apple":2,"minecraft:gray_wool":4,"minecraft:spruce_sign":1,"minecraft:baked_potato":4,"minecraft:oak_sapling":9,"minecraft:coal":16,"minecraft:diamond_pickaxe":1,"minecraft:ender_pearl":2},"minecraft:dropped":{"minecraft:enchanted_book":1,"minecraft:golden_boots":1,"minecraft:porkchop":2,"minecraft:moss_block":1,"minecraft:wheat_seeds":7,"minecraft:cooked_beef":1,"minecraft:ender_pearl":1,"minecraft:crossbow":1,"minecraft:iron_helmet":2,"minecraft:book":6,"minecraft:copper_ingot":10,"minecraft:coal":4,"minecraft:sentry_armor_trim_smithing_template":1,"minecraft:flint":1,"minecraft:dirt":2,"minecraft:gray_wool":1,"minecraft:iron_trapdoor":1,"minecraft:mutton":5,"minecraft:iron_leggings":2,"minecraft:dark_oak_planks":2,"minecraft:gray_carpet":2,"minecraft:gravel":24,"minecraft:stone_sword":2,"minecraft:soul_lantern":1,"minecraft:raw_iron":9,"fleshz:hide":4,"iceandfire:fire_lily":1,"iceandfire:armor_copper_metal_helmet":1,"minecraft:skeleton_spawn_egg":2,"minecraft:poppy":2,"minecraft:gunpowder":1,"minecraft:iron_chestplate":1,"artifacts:steadfast_spikes":1,"minecraft:golden_leggings":1,"minecraft:beef":7,"iceandfire:armor_copper_metal_leggings":1,"iceandfire:silver_pickaxe":2},"minecraft:broken":{"minecraft:wooden_pickaxe":1,"minecraft:shield":1},"minecraft:used":{"minecraft:stone_sword":76,"minecraft:spruce_planks":18,"minecraft:shield":70,"minecraft:iron_sword":124,"minecraft:soul_sand":1,"minecraft:carrot":10,"minecraft:oak_wood":1,"minecraft:wooden_axe":56,"minecraft:cooked_beef":7,"minecraft:potato":10,"minecraft:iron_leggings":51,"minecraft:cooked_mutton":7,"minecraft:stone_pickaxe":72,"minecraft:baked_potato":4,"minecraft:wooden_pickaxe":54,"minecraft:crafting_table":4,"minecraft:iron_pickaxe":30,"minecraft:purple_bed":1,"minecraft:experience_bottle":9},"minecraft:killed_by":{"minecraft:player":2,"minecraft:creeper":1,"minecraft:spider":1,"minecraft:pillager":1,"minecraft:skeleton":6,"minecraft:zombie":2},"minecraft:custom":{"minecraft:interact_with_anvil":9,"minecraft:mob_kills":46,"minecraft:interact_with_crafting_table":17,"minecraft:open_barrel":13,"minecraft:interact_with_campfire":8,"minecraft:leave_game":2,"minecraft:time_since_death":42874,"minecraft:climb_one_cm":628,"minecraft:sprint_one_cm":384238,"minecraft:walk_one_cm":403170,"minecraft:damage_blocked_by_shield":4340,"minecraft:drop":46,"minecraft:play_time":119972,"minecraft:deaths":14,"minecraft:sneak_time":1827,"minecraft:walk_under_water_one_cm":48,"minecraft:jump":788,"minecraft:interact_with_blast_furnace":7,"minecraft:walk_on_water_one_cm":468,"minecraft:total_world_time":119972,"minecraft:interact_with_furnace":2,"minecraft:sleep_in_bed":1,"minecraft:time_since_rest":43026,"minecraft:damage_taken":5701,"minecraft:damage_dealt":8400,"minecraft:fly_one_cm":110969,"minecraft:open_chest":41,"minecraft:crouch_one_cm":9075,"minecraft:interact_with_smoker":6,"minecraft:fall_one_cm":17768}},"DataVersion":3465}