{"stats":{"minecraft:broken":{"minecraft:wooden_pickaxe":1,"minecraft:shield":1,"minecraft:iron_helmet":1,"minecraft:wooden_axe":1},"minecraft:used":{"minecraft:stone_shovel":106,"minecraft:spruce_planks":18,"minecraft:shield":96,"minecraft:iron_sword":124,"minecraft:wooden_shovel":8,"minecraft:oak_door":1,"minecraft:torch":30,"minecraft:soul_sand":1,"minecraft:dirt":8,"minecraft:carrot":31,"minecraft:tuff":7,"minecraft:oak_wood":1,"minecraft:granite":8,"minecraft:wooden_axe":84,"soulsweapons:kirkhammer":2,"soulsweapons:guts_sword":86,"minecraft:magma_block":2,"minecraft:furnace":1,"minecraft:cooked_beef":7,"minecraft:potato":10,"minecraft:iron_leggings":58,"minecraft:cooked_mutton":12,"minecraft:baked_potato":4,"minecraft:stone_pickaxe":72,"minecraft:wooden_pickaxe":54,"minecraft:golden_apple":4,"minecraft:white_wool":4,"minecraft:crafting_table":5,"minecraft:crossbow":26,"minecraft:white_bed":2,"iceandfire:silver_pickaxe":236,"minecraft:black_wool":1,"soulsweapons:holy_greatsword":166,"minecraft:iron_pickaxe":30,"minecraft:purple_bed":2,"minecraft:cobblestone":39,"minecraft:cooked_porkchop":6,"minecraft:gray_wool":1,"minecraft:stone_sword":78,"minecraft:andesite":8,"minecraft:experience_bottle":9},"minecraft:crafted":{"minecraft:oak_door":3,"minecraft:oak_planks":80,"minecraft:stone_shovel":1,"soulsweapons:guts_sword":1,"minecraft:furnace":1,"minecraft:stone":13,"soulsweapons:holy_greatsword":1,"minecraft:cooked_mutton":33,"minecraft:iron_boots":1,"minecraft:stone_pickaxe":1,"minecraft:cooked_beef":7,"minecraft:wooden_shovel":1,"minecraft:cooked_porkchop":9,"minecraft:crafting_table":3,"minecraft:wooden_pickaxe":1,"soulsweapons:kirkhammer":1,"minecraft:iron_sword":1,"minecraft:air":0,"minecraft:shield":3,"minecraft:stick":48,"minecraft:iron_ingot":51,"minecraft:iron_pickaxe":1,"minecraft:wooden_axe":2,"minecraft:iron_block":6,"minecraft:gold_ingot":41,"minecraft:white_bed":1},"minecraft:custom":{"minecraft:interact_with_crafting_table":36,"minecraft:open_barrel":14,"minecraft:interact_with_campfire":8,"minecraft:leave_game":4,"minecraft:time_since_death":3230,"minecraft:climb_one_cm":703,"minecraft:sprint_one_cm":671562,"minecraft:walk_one_cm":1170246,"minecraft:damage_blocked_by_shield":5608,"minecraft:drop":100,"minecraft:play_time":334712,"minecraft:deaths":30,"minecraft:sneak_time":8058,"minecraft:walk_under_water_one_cm":5094,"minecraft:jump":2657,"minecraft:interact_with_blast_furnace":15,"minecraft:walk_on_water_one_cm":25035,"minecraft:total_world_time":334712,"minecraft:interact_with_furnace":25,"minecraft:sleep_in_bed":5,"minecraft:time_since_rest":3906,"minecraft:damage_taken":11664,"minecraft:damage_absorbed":118,"minecraft:trigger_trapped_chest":2,"minecraft:damage_dealt":18842,"minecraft:swim_one_cm":771,"minecraft:fly_one_cm":244153,"minecraft:open_chest":84,"minecraft:crouch_one_cm":35664,"minecraft:fall_one_cm":54815,"minecraft:interact_with_anvil":11,"minecraft:interact_with_smoker":21,"minecraft:mob_kills":97},"minecraft:killed":{"minecraft:cave_spider":1,"minecraft:spider":2,"minecraft:skeleton":17,"minecraft:chicken":5,"minecraft:warden":1,"minecraft:pig":9,"graveyard:ghoul":1,"minecraft:zombie_villager":1,"minecraft:creeper":1,"minecraft:sheep":32,"minecraft:pillager":8,"minecraft:zombie":8,"minecraft:glow_squid":1,"minecraft:enderman":1,"minecraft:cow":7},"minecraft:killed_by":{"minecraft:player":2,"minecraft:creeper":1,"minecraft:spider":3,"minecraft:pillager":1,"minecraft:enderman":1,"minecraft:warden":4,"minecraft:silverfish":1,"minecraft:skeleton":7,"minecraft:zombie":6,"iceandfire:ghost":2},"minecraft:mined":{"minecraft:white_bed":2,"minecraft:dark_oak_planks":2,"minerally:deepslate_emerald_crystal_0":1,"iceandfire:silver_ore":1,"minerally:deepslate_emerald_crystal_1":1,"minecraft:tuff":6,"minecraft:spruce_planks":3,"iceandfire:graveyard_soil":1,"minecraft:deepslate_diamond_ore":7,"minecraft:glow_lichen":2,"minecraft:granite":16,"minecraft:grass_block":16,"minecraft:soul_campfire":1,"minecraft:moss_block":1,"minecraft:spawner":2,"minecraft:large_fern":3,"minecraft:magma_block":8,"minecraft:iron_ore":12,"minecraft:cobbled_deepslate":1,"minecraft:andesite":4,"minecraft:azure_bluet":3,"minecraft:polished_deepslate":1,"soulsweapons:moonstone_ore_deepslate":5,"minecraft:bookshelf":1,"minecraft:pointed_dripstone":8,"minecraft:deepslate_iron_ore":8,"minecraft:stone":218,"minecraft:white_wool":4,"minecraft:soul_sand":1,"minecraft:polished_deepslate_stairs":1,"soulsweapons:verglas_ore_deepslate":2,"minecraft:dandelion":2,"minecraft:soul_lantern":2,"minecraft:crafting_table":4,"minecraft:cornflower":1,"minecraft:oak_wood":1,"minecraft:calcite":2,"minecraft:poppy":1,"minerally:deepslate_emerald_crystal":1,"minecraft:nether_brick_slab":4,"minecraft:campfire":1,"iceandfire:fire_lily":1,"minecraft:tall_grass":17,"minecraft:cobblestone":1,"minecraft:deepslate_gold_ore":3,"minecraft:diorite":1,"minecraft:purple_bed":3,"minecraft:dark_oak_slab":2,"minecraft:spruce_log":6,"minecraft:grass":74,"minecraft:coal_ore":14,"minecraft:oak_log":11,"minecraft:sand":112,"minecraft:gravel":9,"graveyard:leaning_skeleton":1,"minecraft:dirt":17,"minecraft:dripstone_block":1,"minecraft:gray_carpet":1,"minecraft:netherrack":8,"minecraft:stonecutter":1,"minecraft:gold_ore":1,"minecraft:deepslate":25,"minecraft:iron_trapdoor":1},"minecraft:picked_up":{"minecraft:charcoal":2,"minecraft:iron_chestplate":1,"minecraft:crafting_table":4,"minecraft:azure_bluet":2,"iceandfire:copper_sword":1,"minecraft:iron_trapdoor":2,"minecraft:chest_minecart":2,"iceandfire:fire_lily":1,"minecraft:sentry_armor_trim_smithing_template":1,"soulsweapons:moonstone":7,"minecraft:enchanted_book":1,"minecraft:cornflower":1,"iceandfire:manuscript":22,"minecraft:string":10,"minecraft:waxed_cut_copper_slab":1,"minecraft:iron_leggings":1,"minecraft:detector_rail":3,"minecraft:cobbled_deepslate":78,"minecraft:spruce_planks":3,"minecraft:beef":14,"fleshz:hide":10,"minecraft:poppy":2,"minecraft:light_gray_wool":3,"minecraft:egg":1,"minecraft:raw_iron":24,"minecraft:stick":8,"iceandfire:ghost_chest":1,"minecraft:oak_door":1,"iceandfire:armor_copper_metal_leggings":1,"minecraft:copper_ingot":13,"minecraft:polished_deepslate_stairs":1,"minecraft:torch":1,"deeperdarker:heart_of_the_deep":1,"minecraft:porkchop":11,"minecraft:pointed_dripstone":23,"minecraft:diorite":2,"minecraft:redstone":26,"minecraft:dark_oak_planks":6,"minecraft:stone_sword":3,"minecraft:arrow":23,"minecraft:rotten_flesh":12,"minecraft:beetroot_seeds":6,"minecraft:saddle":1,"minecraft:gold_ingot":4,"artifacts:pocket_piston":1,"minecraft:glow_berries":7,"minecraft:mutton":51,"minecraft:rail":23,"minecraft:white_wool":32,"minecraft:cobblestone":387,"minecraft:magma_block":6,"minecraft:feather":4,"minecraft:cooked_beef":8,"minecraft:glow_ink_sac":3,"minecraft:andesite":13,"minecraft:brown_wool":1,"minecraft:flint":4,"minecraft:tuff":7,"minecraft:oak_log":11,"minecraft:chainmail_chestplate":1,"iceandfire:ectoplasm":12,"iceandfire:armor_copper_metal_helmet":1,"minecraft:gunpowder":5,"minecraft:dirt":63,"minecraft:zombie_villager_spawn_egg":1,"minecraft:cooked_mutton":7,"minecraft:bone":27,"minecraft:apple":1,"minecraft:gray_carpet":2,"minecraft:stonecutter":1,"minecraft:wheat_seeds":14,"minecraft:raw_gold":8,"minecraft:cobweb":3,"artifacts:steadfast_spikes":1,"minecraft:glass_bottle":1,"minecraft:powered_rail":1,"minecraft:moss_block":2,"minecraft:oak_planks":1,"minecraft:soul_sand":1,"minecraft:book":3,"soulsweapons:holy_greatsword":1,"minecraft:cooked_porkchop":3,"minecraft:dandelion":2,"minecraft:dripstone_block":1,"minecraft:gravel":46,"minecraft:sand":109,"minecraft:white_bed":3,"minecraft:spider_eye":2,"minecraft:skeleton_spawn_egg":2,"minecraft:oak_wood":2,"iceandfire:silver_pickaxe":1,"minecraft:black_wool":1,"minecraft:pumpkin_seeds":2,"minecraft:purple_bed":2,"minecraft:diamond":6,"minecraft:soul_lantern":2,"minecraft:chicken":5,"minecraft:chainmail_leggings":1,"minecraft:iron_helmet":1,"minecraft:granite":27,"minecraft:golden_apple":4,"minecraft:gray_wool":5,"soulsweapons:verglas":2,"minecraft:spruce_sign":1,"minecraft:emerald":3,"minecraft:bread":3,"minecraft:baked_potato":4,"minecraft:oak_sapling":9,"minecraft:coal":20,"iceandfire:raw_silver":3,"minecraft:diamond_pickaxe":1,"minecraft:ender_pearl":2},"minecraft:dropped":{"minecraft:enchanted_book":1,"minecraft:golden_boots":1,"minecraft:moss_block":1,"minecraft:porkchop":2,"minecraft:wheat_seeds":11,"minecraft:cooked_beef":1,"minecraft:ender_pearl":1,"minecraft:diamond":6,"minecraft:dripstone_block":1,"minecraft:crossbow":1,"minecraft:iron_helmet":2,"minecraft:cobblestone":67,"minecraft:book":6,"minecraft:chest_minecart":1,"minecraft:granite":19,"iceandfire:ectoplasm":6,"minecraft:copper_ingot":13,"minecraft:rail":4,"minecraft:coal":4,"soulsweapons:holy_greatsword":2,"minecraft:sentry_armor_trim_smithing_template":1,"minecraft:flint":4,"minecraft:cobweb":3,"minecraft:zombie_villager_spawn_egg":1,"minecraft:dirt":2,"minecraft:gray_wool":1,"minecraft:iron_trapdoor":1,"minecraft:mutton":5,"minecraft:iron_leggings":4,"minecraft:dark_oak_planks":22,"minecraft:white_wool":5,"minecraft:gray_carpet":2,"minecraft:redstone":13,"minecraft:oak_door":1,"minecraft:gravel":25,"minecraft:detector_rail":3,"minecraft:stone_sword":4,"minecraft:stone_shovel":1,"minecraft:soul_lantern":1,"minecraft:raw_iron":9,"fleshz:hide":4,"minecraft:rotten_flesh":12,"minecraft:light_gray_wool":2,"minecraft:oak_planks":1,"iceandfire:fire_lily":1,"iceandfire:armor_copper_metal_helmet":1,"minecraft:azure_bluet":2,"minecraft:skeleton_spawn_egg":2,"minecraft:pumpkin_seeds":2,"minecraft:filled_map":1,"minecraft:poppy":2,"minecraft:shield":1,"iceandfire:ghost_chest":1,"minecraft:gunpowder":5,"iceandfire:copper_sword":1,"minecraft:iron_chestplate":3,"minecraft:diamond_pickaxe":1,"minecraft:beetroot_seeds":4,"artifacts:steadfast_spikes":1,"minecraft:golden_leggings":1,"minecraft:wooden_shovel":1,"minecraft:iron_sword":1,"minecraft:spider_eye":1,"minecraft:powered_rail":1,"minecraft:beef":7,"iceandfire:armor_copper_metal_leggings":1,"iceandfire:silver_pickaxe":2,"iceandfire:manuscript":11}},"DataVersion":3465}