{"stats":{"minecraft:broken":{"iceandfire:silver_pickaxe":1,"minecraft:stone_pickaxe":1},"minecraft:crafted":{"minecraft:cooked_chicken":3,"minecraft:furnace":6,"iceandfire:armor_copper_metal_leggings":1,"iceandfire:armor_copper_metal_helmet":1,"minecraft:cooked_mutton":7,"iceandfire:armor_copper_metal_boots":1,"minecraft:stone_pickaxe":3,"iceandfire:armor_copper_metal_chestplate":1,"iceandfire:copper_pickaxe":1,"minecraft:cooked_beef":17,"iceandfire:silver_ingot":5,"minecraft:cooked_porkchop":2,"minecraft:crafting_table":5,"minecraft:wooden_pickaxe":2,"minecraft:iron_sword":1,"minecraft:copper_ingot":37,"minecraft:stone_axe":1,"minecraft:air":0,"minecraft:shield":1,"minecraft:stick":28,"minecraft:iron_ingot":2,"minecraft:stone_sword":1,"minecraft:white_bed":1,"minecraft:torch":28,"iceandfire:silver_pickaxe":1},"minecraft:used":{"minecraft:stone_sword":153,"iceandfire:armor_copper_metal_leggings":1,"minecraft:shield":6,"minecraft:iron_sword":106,"minecraft:cooked_chicken":3,"minecraft:torch":17,"minecraft:red_nether_brick_slab":1,"iceandfire:armor_copper_metal_boots":1,"minecraft:dirt":14,"minecraft:skeleton_spawn_egg":2,"minecraft:oak_wood":1,"minecraft:tuff":4,"minecraft:iron_helmet":1,"iceandfire:copper_pickaxe":2,"minecraft:furnace":6,"iceandfire:armor_copper_metal_helmet":2,"minecraft:egg":1,"minecraft:cooked_beef":6,"minecraft:potato":4,"minecraft:cobbled_deepslate":33,"minecraft:golden_axe":2,"minecraft:cooked_mutton":4,"minecraft:oak_planks":1,"minecraft:stone_pickaxe":213,"minecraft:wooden_pickaxe":37,"minecraft:white_wool":1,"minecraft:golden_apple":2,"minecraft:crafting_table":6,"minecraft:crossbow":12,"minecraft:white_bed":2,"iceandfire:silver_pickaxe":800,"soulsweapons:holy_greatsword":7,"minecraft:apple":4,"iceandfire:armor_copper_metal_chestplate":1,"minecraft:bread":21,"minecraft:stone_axe":32,"minecraft:cobblestone":10},"minecraft:custom":{"minecraft:interact_with_anvil":4,"minecraft:mob_kills":45,"minecraft:interact_with_crafting_table":23,"minecraft:open_barrel":9,"minecraft:leave_game":3,"minecraft:time_since_death":302,"minecraft:climb_one_cm":774,"minecraft:sprint_one_cm":424556,"minecraft:damage_blocked_by_shield":366,"minecraft:walk_one_cm":591509,"minecraft:drop":116,"minecraft:play_time":152393,"minecraft:sneak_time":1064,"minecraft:deaths":18,"minecraft:walk_under_water_one_cm":1173,"minecraft:jump":2091,"minecraft:interact_with_blast_furnace":1,"minecraft:walk_on_water_one_cm":22123,"minecraft:total_world_time":152393,"minecraft:interact_with_furnace":59,"minecraft:sleep_in_bed":2,"minecraft:time_since_rest":447,"minecraft:damage_taken":6802,"minecraft:damage_absorbed":81,"minecraft:damage_dealt":8194,"minecraft:fly_one_cm":402911,"minecraft:open_chest":20,"minecraft:crouch_one_cm":2495,"minecraft:fall_one_cm":61530},"minecraft:killed":{"minecraft:spider":2,"minecraft:vindicator":2,"minecraft:skeleton":5,"minecraft:chicken":3,"minecraft:cat":1,"minecraft:pig":3,"minecraft:sheep":9,"minecraft:pillager":5,"minecraft:zombie":7,"minecraft:cow":8},"minecraft:killed_by":{"minecraft:creeper":1,"minecraft:spider":1,"minecraft:pillager":1,"minecraft:enderman":2,"minecraft:ravager":1,"graveyard:skeleton_creeper":1,"minecraft:vindicator":2,"minecraft:warden":3,"minecraft:skeleton":2,"minecraft:zombie":3},"minecraft:mined":{"minecraft:dark_oak_planks":2,"minecraft:waxed_cut_copper_slab":1,"minerally:deepslate_emerald_crystal_0":1,"minecraft:tuff":7,"minecraft:spruce_planks":2,"minecraft:white_bed":2,"iceandfire:silver_ore":5,"minerally:deepslate_emerald_crystal_1":1,"minecraft:deepslate_diamond_ore":6,"minecraft:granite":4,"minecraft:grass_block":15,"minerally:deepslate_iron_pile_1":2,"minecraft:spawner":1,"minerally:deepslate_lapis_pile_0":1,"minerally:deepslate_lapis_pile":1,"minecraft:redstone_ore":3,"minecraft:iron_ore":3,"minecraft:cobbled_deepslate":8,"minecraft:andesite":10,"minecraft:deepslate_lapis_ore":9,"minerally:deepslate_iron_pile":2,"minerally:deepslate_iron_pile_0":2,"soulsweapons:moonstone_ore_deepslate":23,"minecraft:deepslate_iron_ore":3,"minecraft:rail":1,"minecraft:stone":509,"minecraft:deepslate_redstone_ore":1,"soulsweapons:verglas_ore_deepslate":2,"minecraft:dandelion":1,"minecraft:crafting_table":1,"minecraft:torch":2,"minecraft:oak_wood":36,"minecraft:poppy":1,"minerally:deepslate_emerald_crystal":1,"minecraft:copper_ore":19,"minecraft:tall_grass":9,"minecraft:cobblestone":11,"minecraft:deepslate_gold_ore":25,"minerally:lapis_rock":1,"minecraft:diorite":17,"minecraft:stone_stairs":1,"minecraft:red_terracotta":1,"minerally:gold_rock":1,"minerally:deepslate_geode":1,"minecraft:dark_oak_slab":1,"minecraft:purple_concrete":5,"minerally:emerald_rock":1,"minecraft:grass":28,"minecraft:coal_ore":168,"minecraft:oak_log":4,"minecraft:dirt":27,"minecraft:cobweb":22,"minecraft:oak_leaves":5,"minecraft:deepslate":168,"minerally:deepslate_lapis_pile_1":1},"minecraft:dropped":{"minecraft:iron_sword":1,"minecraft:stripped_mangrove_wood":1,"minecraft:wheat_seeds":16,"minecraft:cooked_beef":11,"minecraft:glow_ink_sac":2,"minecraft:mossy_cobblestone":1,"minecraft:glass_bottle":1,"minecraft:iron_helmet":3,"minecraft:red_nether_brick_slab":4,"iceandfire:armor_copper_metal_chestplate":1,"minecraft:golden_axe":2,"minecraft:feather":6,"minecraft:cobblestone":352,"minecraft:purple_concrete":5,"artifacts:cloud_in_a_bottle":1,"minecraft:apple":3,"minecraft:granite":3,"minecraft:copper_ingot":10,"minecraft:rail":1,"minecraft:coal":25,"minecraft:stick":13,"minecraft:dirt":47,"minecraft:gray_wool":3,"minecraft:diorite":17,"iceandfire:armor_copper_metal_boots":2,"iceandfire:copper_pickaxe":1,"minecraft:glistering_melon_slice":6,"minecraft:dark_oak_planks":4,"minecraft:string":50,"minecraft:white_wool":6,"minecraft:gray_carpet":2,"artifacts:bunny_hoppers":1,"minecraft:redstone":19,"minecraft:dandelion":2,"minecraft:bone":6,"minecraft:waxed_cut_copper_slab":1,"minecraft:gravel":12,"minecraft:pillager_spawn_egg":1,"minecraft:stone_sword":3,"minecraft:cobbled_deepslate":98,"minecraft:raw_copper":32,"minecraft:tuff":3,"minecraft:beetroot":5,"fleshz:hide":12,"minecraft:rotten_flesh":7,"minecraft:oak_planks":115,"minecraft:name_tag":1,"iceandfire:armor_copper_metal_helmet":1,"minecraft:cooked_mutton":3,"minecraft:skeleton_spawn_egg":3,"minecraft:red_terracotta":1,"minecraft:carrot":1,"minecraft:spruce_planks":2,"minecraft:andesite":10,"minecraft:golden_leggings":1,"minecraft:birch_door":1,"minecraft:oak_sapling":54,"minecraft:cow_spawn_egg":1,"minecraft:red_nether_bricks":1,"minecraft:stone_pickaxe":2,"minecraft:wooden_pickaxe":4,"iceandfire:armor_copper_metal_leggings":1,"iceandfire:silver_pickaxe":1,"minecraft:egg":1},"minecraft:picked_up":{"minecraft:iron_chestplate":1,"minecraft:crafting_table":1,"minecraft:birch_door":1,"minecraft:chicken":3,"artifacts:bunny_hoppers":1,"minecraft:wooden_pickaxe":2,"soulsweapons:moonstone":24,"minecraft:string":54,"minecraft:waxed_cut_copper_slab":1,"minecraft:raw_copper":73,"minecraft:red_nether_bricks":1,"minecraft:iron_leggings":1,"minecraft:beetroot":5,"minecraft:cobbled_deepslate":131,"minecraft:spruce_planks":4,"minecraft:beef":31,"fleshz:hide":12,"minecraft:iron_boots":1,"minecraft:egg":2,"minecraft:stick":16,"minecraft:raw_iron":12,"iceandfire:dragonbone":16,"minecraft:stripped_mangrove_wood":1,"minecraft:oak_door":1,"minecraft:torch":4,"minecraft:porkchop":4,"minecraft:golden_axe":1,"minecraft:stone_button":1,"minecraft:diorite":17,"iceandfire:armor_copper_metal_boots":1,"minecraft:carrot":1,"minecraft:redstone":19,"minecraft:dark_oak_planks":26,"minecraft:stone_sword":3,"minecraft:arrow":23,"minecraft:rotten_flesh":7,"minecraft:cow_spawn_egg":1,"minecraft:glistering_melon_slice":6,"minecraft:mutton":20,"minecraft:rail":1,"minecraft:white_wool":10,"minecraft:cobblestone":424,"minecraft:feather":6,"minecraft:glow_ink_sac":2,"minecraft:andesite":10,"minecraft:golden_leggings":2,"minecraft:tuff":7,"minecraft:oak_log":4,"artifacts:cloud_in_a_bottle":1,"minecraft:lapis_lazuli":61,"minecraft:dirt":63,"minecraft:bone":7,"minecraft:apple":6,"minecraft:gray_carpet":3,"minecraft:wheat_seeds":18,"minecraft:raw_gold":24,"minecraft:glass_bottle":1,"minecraft:iron_sword":1,"minecraft:oak_planks":1,"minecraft:purple_concrete":5,"minecraft:pillager_spawn_egg":1,"soulsweapons:holy_greatsword":1,"minecraft:dandelion":2,"minecraft:gravel":12,"iceandfire:dragon_skull_fire":1,"minecraft:white_bed":1,"minecraft:red_terracotta":1,"minecraft:mossy_cobblestone":1,"minecraft:oak_wood":35,"minecraft:skeleton_spawn_egg":5,"iceandfire:silver_pickaxe":1,"minecraft:diamond":8,"minecraft:iron_helmet":4,"minecraft:crossbow":1,"minecraft:granite":3,"minecraft:golden_apple":2,"minecraft:gray_wool":4,"soulsweapons:verglas":1,"minecraft:bread":8,"minecraft:emerald":5,"minecraft:red_nether_brick_slab":5,"minecraft:oak_sapling":54,"minecraft:coal":168,"iceandfire:raw_silver":5}},"DataVersion":3465}